entity_name,entity_type,frequency_raw,pct_of_total_raw
pulauwin,brand,3781,4.5
wisdomtoto,brand,2923,3.48
mona4d,brand,1329,1.58
timo4d,brand,963,1.15
alexis17,brand,930,1.11
dora77,brand,869,1.03
gunungwin,brand,489,0.58
garudahoki,brand,419,0.5
ambil4d,brand,402,0.48
weton88,brand,233,0.28
poipet308,brand,205,0.24
berkah99,brand,174,0.21
pas4d,brand,129,0.15
mamajitu,brand,48,0.06
toke69,brand,31,0.04
bardi4d,brand,29,0.03
sendal4d,brand,16,0.02
wifi4d,brand,8,0.01
kembar78,brand,5,0.01
takjub4d,brand,2,0.0
artis4d,brand,2,0.0
judi_judol,lexical_signal,1371,1.63
jp_jackpot,lexical_signal,964,1.15
freebet_freechip,lexical_signal,961,1.14
gacor,lexical_signal,559,0.67
slot,lexical_signal,477,0.57
depo_deposit,lexical_signal,322,0.38
maxwin,lexical_signal,320,0.38
wd_withdraw,lexical_signal,295,0.35
scatter,lexical_signal,18,0.02
zeus_olympus,lexical_signal,6,0.01
pragmatic,lexical_signal,1,0.0
