dataset_a,dataset_b,shared_exact_texts,shared_whitespace_texts,shared_normalized_variants,label_conflicts,notes
DS1_fahruu,DS2_kyyyy8_all,51,51,57,0,Shared 51 teks persis
DS1_fahruu,DS3_yaemico,6,6,9,0,Shared 6 teks persis
DS1_fahruu,DS4_kyyyy8_platform,25,25,31,1,Terdapat 1 konflik label (telah diadjudikasi); Shared 25 teks persis
DS1_fahruu,DS5_ferdiansakti,14,14,15,0,Shared 14 teks persis
DS2_kyyyy8_all,DS3_yaemico,25,25,41,0,Shared 25 teks persis
DS2_kyyyy8_all,DS4_kyyyy8_platform,10659,10658,10539,48,"Terdapat 48 konflik label (telah diadjudikasi); Kyyyy8 Lineage (overlap masif ~10.5k teks, metadata DS4 diprioritaskan)"
DS2_kyyyy8_all,DS5_ferdiansakti,9,9,9,0,Shared 9 teks persis
DS3_yaemico,DS4_kyyyy8_platform,10,10,16,0,Shared 10 teks persis
DS3_yaemico,DS5_ferdiansakti,0,0,2,0,Tidak ada irisan teks
DS4_kyyyy8_platform,DS5_ferdiansakti,6,6,6,0,Shared 6 teks persis
