record_id,text_raw,canonical_label,overlap_level,exact_duplicate_group,normalized_variant_group,near_duplicate_group
DS5_002386,"Lagi cari hiburan seru? Coba main di PawPaw4D, bikin nagih!",1,exact,EDG_04d0a223b31b,NVG_39392e64ae1d,NDG_005788
DS5_003641,Masya Allah Tabarakallah,0,exact,EDG_17350245c281,NVG_61a915c97314,NDG_025372
DS5_003603,"Lagi suntuk? Coba main PawPaw4D, dijamin senyum lagi!",1,exact,EDG_2ae0f8842704,NVG_1061f1175e84,NDG_005777
DS5_002407,Banyak banget event di PawPaw4D yang bisa kamu ikuti!,1,exact,EDG_465d546ad971,NVG_5c7b67156357,NDG_005790
DS5_002378,Sebelum ribuan,0,exact,EDG_500f6a0ba006,NVG_8f2721c20785,NDG_026604
DS5_002396,Setiap login ke PawPaw4D tuh selalu ada kejutan menarik.,1,exact,EDG_57fc97859645,NVG_817c56a2b5e4,NDG_005791
DS5_003601,"Sambil nunggu temen, mending isi waktu di PawPaw4D!",1,exact,EDG_661c2065b269,NVG_a5c41c39f6c9,NDG_005787
DS5_002385,Baru daftar langsung dapet reward! Main di PawPaw4D emang asik!,1,exact,EDG_779d5771c0fa,NVG_44134fd29243,NDG_005785
DS5_002493,Pertama ❤,0,exact,EDG_884e7a0def9f,NVG_8143ec0165b6,NDG_019138
DS5_001522,🔥 Semua menang! 𝑻𝑶𝑻𝑶𝟑𝟐𝟖 bikin hidup lebih baik! 💰,1,exact,EDG_89fa7df649b9,NVG_bda8e171221c,NDG_006215
DS5_000810,pertama,0,exact,EDG_8e26f17e1a63,NVG_8e26f17e1a63,NDG_014494
DS5_002480,sebelum ribuan,0,exact,EDG_8f2721c20785,NVG_8f2721c20785,NDG_026604
DS5_002387,PawPaw4D tuh tempat buat nyari hiburan yang nggak ngebosenin!,1,exact,EDG_9c41f8b15a05,NVG_11542f071174,NDG_005780
DS5_002957,Mantap,0,exact,EDG_a1d3ace0c4ba,NVG_03c5b5bdae5b,NDG_001210
DS5_002380,"Banyak pilihan game seru di satu platform, ya cuma di PawPaw4D.",1,exact,EDG_aed223e27f2d,NVG_b90a1dad92fb,NDG_005789
DS5_000886,Pertama,0,exact,EDG_da7df573e38b,NVG_8e26f17e1a63,NDG_014494
DS5_003619,"Main game, dapat hiburan, dapat hadiah — cuma di PawPaw4D!",1,exact,EDG_dec649b00795,NVG_f4ab9fbd7b02,NDG_005782
DS5_003620,PawPaw4D punya banyak promo buat member baru dan lama!,1,exact,EDG_eccabeedd2ec,NVG_ae0c65ddebde,NDG_005784
DS5_003624,"Ajak temen makin seru, karena PawPaw4D ada referral bonus juga!",1,exact,EDG_f68f834e5bef,NVG_84ee9d2a3009,NDG_005792
DS5_000375,Keren bang,0,exact,EDG_f93eaf0b29f4,NVG_370d3e644cc4,NDG_000939
DS5_002483,Ke 7,0,exact,EDG_ff354e2a02a6,NVG_bbcd3ac0effd,NDG_028024
DS5_001485,cakep,0,normalized,EDG_0d2fdafc48e9,NVG_0d2fdafc48e9,NDG_014345
DS5_004044,𝘿𝐎𝙍A𝟳𝟳 e𝙢ang juar𝘢 maxwi𝙣,1,normalized,EDG_93aae41a7375,NVG_b612d3fac006,NDG_036095
DS5_001699,🎰 Mau menang terus? manjurbet jawabannya! 💎🔥,1,normalized,EDG_f6e328151aca,NVG_7be468aa7e4e,NDG_006085
DS5_000279,"Rezeki yang diberikan oleh 💪dewadora💪-sungguh tiada tara nilainya, terima kasih ya Allah atas berkat-Mu! 🐘",1,near_duplicate,EDG_0302621651e5,NVG_e99b25c4a857,NDG_038395
DS5_004210,"Sapu bersih semua hadiah dan bonus yang ada di 𝐷ЕWАDО𝐑𝐴, auto jadi crazy rich!",1,near_duplicate,EDG_03c4556d7424,NVG_950ea2d6c4e4,NDG_038528
DS5_003473,Senang banget dapat rezeki tak terduga dari 𝐷𝑂𝐑𝐴𝟽𝟩!,1,near_duplicate,EDG_067046ec8da4,NVG_3248f1fc5550,NDG_038157
DS5_004206,"Gak percaya bisa menang sebanyak ini di DOЯ𝐀𝟽𝟳, mimpi jadi realita!",1,near_duplicate,EDG_076365d9e9db,NVG_777bff4119a9,NDG_037925
DS5_003984,𝐃ОЯ𝐀𝟳7 menawarkan tim dukungan yang responsif dan bermanfaat.,1,near_duplicate,EDG_07c02fec928d,NVG_3a5e94f5d4e0,NDG_038984
DS5_004208,𝐃𝐎𝘙𝐴𝟳𝟩 menyediakan pengalaman daring yang mudah dan tanpa repot.,1,near_duplicate,EDG_07d173df1150,NVG_5973ece0b210,NDG_038470
DS5_003564,Gak nyangka bisa dapet segini main di 𝘋𝙊𝘙𝘼𝟳𝟽! Auto traktir temen-temen!,1,near_duplicate,EDG_0926836199d2,NVG_7389e9dcbde4,NDG_037960
DS5_003514,А𝘎𝐔𝐒𝘛𝑂𝐓𝐎menyediakan ruang untuk kompetisi yang sehat.,1,near_duplicate,EDG_0b2167bfcb1d,NVG_7e4e84cffdd7,NDG_038499
DS5_002907,ＧＡ Ｒ Ｕ ＤＡ ＨＯ ＫＩ sudah terdaftar Resmi❤,1,near_duplicate,EDG_0b8ec4c8d535,NVG_4407bc65121e,NDG_033493
DS5_002969,"Main santai di king328, hasilnya bikin senyum lebar. Terima kasih banyak!",1,near_duplicate,EDG_0cf31f62a3ba,NVG_97bf018aca05,NDG_006089
DS5_002913,ＧＡ Ｒ Ｕ ＤＡ ＨＯ ＫＩ_Pasti Jepe❤,1,near_duplicate,EDG_0d3101f3f072,NVG_4873914d859b,NDG_033594
DS5_004036,"Rezeki dari DОR𝐀77 emang gak ada duanya, terima kasih ya Allah atas limpahan rezeki-Mu!",1,near_duplicate,EDG_0d4df7ec209f,NVG_607ab9e1a905,NDG_038525
DS5_003980,"Baru coba main di 𝐃O𝘙𝐴𝟩7, eh rezekinya langsung gacir. Mantap banget!",1,near_duplicate,EDG_0d5e4b9b9f06,NVG_b990966f75f7,NDG_038198
DS5_004211,Temukan kemungkinan yang dapat dibuka oleh 𝐷𝙀𝙒A𝐷𝘖𝐑𝘈.,1,near_duplicate,EDG_0dc72f367954,NVG_114b5b8f6a3d,NDG_038430
DS5_003252,"AG𝑈S𝘛𝙊𝑇𝐎bikin lupa semua masalah dan beban hidup, hiburan yang sangat bermakna!",1,near_duplicate,EDG_0e125f5d638d,NVG_14e92f1dd5ea,NDG_038399
DS5_002461,Cuma modal secuil bisa dapat untung segede gunung di 🧑𝐊𝐀𝐊𝐈-𝟕𝟕𝟕 luar biasa sekali! 🐕‍🦺,1,near_duplicate,EDG_0e8d783974c8,NVG_fb3f95b0a6bc,NDG_038531
DS5_000276,"Cuma modal secuil bisa dapat untung segede gunung di dora77✊,luar biasa sekali! 🐕‍🦺",1,near_duplicate,EDG_0f854eb6da61,NVG_dad5993140ad,NDG_038531
DS5_002085,Beberapa pengguna melaporkan hasil positif dari penggunaan 𝘈ЕRО𝟾𝟪.,1,near_duplicate,EDG_10a1c66a1da2,NVG_5600838acf2a,NDG_038434
DS5_002213,"Hari yang begitu indah dan penuh kebahagiaan bersama DOR𝐀𝟩𝟽, rezeki datang menghampiri tanpa diduga!",1,near_duplicate,EDG_113193d24bec,NVG_3b4c88e3b89b,NDG_038392
DS5_001068,"Bermain bersama teman-teman di 🧏‍♀dewadora🧏‍♀ semakin seru dan asyik, semakin banyak pula rezekinya! ㊙",1,near_duplicate,EDG_11e0bf014a47,NVG_3c19873b95a9,NDG_005851
DS5_000265,"Hasil gacir bikin aku makin puas main di ✊axl777✊, makasih banyak!",1,near_duplicate,EDG_11eb1d959d00,NVG_8a256c1643ed,NDG_038321
DS5_004125,Beberapa pengguna melaporkan hasil positif dari penggunaan 𝐃𝐎Я𝐴𝟩𝟩.,1,near_duplicate,EDG_12efeb482f7a,NVG_64a2ab79c749,NDG_038434
DS5_003272,𝘼𝘎𝐔STОT𝐎menawarkan kesempatan untuk terhubung dengan individu yang berpikiran sama.,1,near_duplicate,EDG_13e58f477856,NVG_37f6e1a5ea8c,NDG_038461
DS5_002919,ＧＡ Ｒ Ｕ ＤＡ ＨＯ ＫＩ..Terpopuler masakini❤,1,near_duplicate,EDG_149901ff99ab,NVG_1d402438545e,NDG_033651
DS5_004078,"Sungguh edan! JP yang sangat fantastis dan luar biasa besar di 𝐃O𝘙𝐀𝟳𝟩, kembali memecahkan rekor yang ada!",1,near_duplicate,EDG_151cb61a6835,NVG_a5b65385f7a7,NDG_038388
DS5_000698,"Sangat menyenangkan bermain di 🧑AER-O-8-8, tiba-tiba mendapatkan JP besar, rezeki memang tidak akan tertukar!",1,near_duplicate,EDG_15500ec02bfc,NVG_4b214798cc0b,NDG_038412
DS5_003274,𝘈𝘌𝑅О88menyediakan pengalaman daring yang dapat diandalkan.,1,near_duplicate,EDG_1708f84b8243,NVG_c27dbaa2497e,NDG_038453
DS5_000111,Setiap hari selalu ada hal-hal baru dan menarik dari ambil4d bikin rasa penasaran terus terjaga!,1,near_duplicate,EDG_19d36b2984c4,NVG_9ee52580f94b,NDG_037792
DS5_002226,"Alhamdulillah, rezeki lancar hari ini berkat 𝘼𝐆𝐔𝑆T𝘖𝘛𝐎!",1,near_duplicate,EDG_1ab72f2c5e56,NVG_9fab26c97fff,NDG_037971
DS5_003479,"Main di 𝘈𝘌R𝘖𝟾𝟪-cuma sebentar, eh langsung rezeki nomplok. Jadi pengen coba lagi!",1,near_duplicate,EDG_1ba24e8fde8f,NVG_4855f74b82e6,NDG_038184
DS5_003986,"Dapet rezeki besar dari 𝐃𝙀𝑊𝘼𝐷𝙊𝙍𝘼, nggak nyangka main jadi seasyik ini!",1,near_duplicate,EDG_200328a61419,NVG_7c9b0a4fe60f,NDG_038422
DS5_003095,Gokil abis! Gak nyangka bisa menang banyak di 𝐃O𝙍𝐀𝟽7!,1,near_duplicate,EDG_23762d04043a,NVG_e44bdad739e9,NDG_037968
DS5_003287,"Aku lagi coba-coba, eh malah dapet menang! Kamu juga bisa, loh, di AЕ𝘙𝙊8𝟴!",1,near_duplicate,EDG_24806e138485,NVG_f3a23e6643aa,NDG_038995
DS5_003499,𝘿𝙀𝙒𝐴𝐷OЯ𝘈 sedang mendapatkan perhatian belakangan ini. Lihat apa yang ditawarkannya.,1,near_duplicate,EDG_250b29287d1c,NVG_92578beb9c27,NDG_038513
DS5_001096,"Cuma main iseng di 🧏‍♂dewadora🧏‍♂, malah dapet untung buat jalan-jalan. Terima kasih banyak! 🦉",1,near_duplicate,EDG_25c1945c4c45,NVG_7ada155ed82e,NDG_037793
DS5_004252,A𝙀𝐑О8𝟴mungkin yang Anda cari dalam hiburan daring.,1,near_duplicate,EDG_275ea017688b,NVG_7aee58e875c3,NDG_038502
DS5_002095,"A𝘌𝙍𝙊𝟾𝟴benar-benar yang terunggul, sangat saya rekomendasikan!",1,near_duplicate,EDG_29acfe73184f,NVG_8287fc795205,NDG_038413
DS5_002906,ＧＡ Ｒ Ｕ ＤＡ ＨＯ ＫＩterpopuler di Indonesia❤,1,near_duplicate,EDG_2d357e77bf09,NVG_28d40893634c,NDG_033596
DS5_003668,king328 menyediakan pengalaman daring yang mudah dan tanpa repot.,1,near_duplicate,EDG_3075a2fabb5c,NVG_3075a2fabb5c,NDG_038470
DS5_002051,"Keuntungan besar bikin hari ini makin ceria, makasih 𝐴𝘟𝐿𝟩𝟩𝟩!",1,near_duplicate,EDG_34b32b3609d8,NVG_2f878ecfc61a,NDG_006186
DS5_000048,Film ini mengajarkan kita untuk menjadi baik di apapun situasinya salam ambil4d,1,near_duplicate,EDG_36f9aca37ebf,NVG_60823ff40071,NDG_036174
DS5_002637,"Gak sabar buat main lagi di  macau328, karena rezeki datang tak terduga!",1,near_duplicate,EDG_37842c17fb64,NVG_a4de3f1a64bc,NDG_037802
DS5_000691,Terima kasih 😴AERO-DELAPANDELAPAN! Hari ini menang besar dan bisa buat kebutuhan keluarga.,1,near_duplicate,EDG_38b495c73d58,NVG_eb25cb5514e1,NDG_038324
DS5_004235,𝐴𝘎𝘜𝐒𝙏𝑂𝑇𝘖adalah platform yang terus berkembang dan berinovasi.,1,near_duplicate,EDG_3a09f8f4ad85,NVG_1dec76036212,NDG_005842
DS5_002216,𝐴𝐄𝐑𝘖𝟴𝟴sedang mendapatkan perhatian belakangan ini. Lihat apa yang ditawarkannya.,1,near_duplicate,EDG_3a3ce0598bbc,NVG_bf34c6622e2e,NDG_038513
DS5_003463,Bahagia banget dapat rezeki berkah dari 𝘋𝘌𝐖𝘼𝘿𝘖𝑅𝘼!,1,near_duplicate,EDG_3e572998a916,NVG_b82b221c1353,NDG_037917
DS5_000512,Senang banget bisa dapet rezeki hari ini dari 🤜dewadora🤜! 😝,1,near_duplicate,EDG_3edb768260cc,NVG_6f62ffa81476,NDG_037973
DS5_003108,"Rezeki dari 𝐴E𝘙𝐎8𝟪-emang gak ada duanya, terima kasih ya Allah atas limpahan rezeki-Mu!",1,near_duplicate,EDG_3f4b4f511404,NVG_7526ae14098c,NDG_038525
DS5_000653,"Sungguh luar biasa dan bikin nagih! 🤘dewadora🤘-membuat ketagihan yang tak tertahankan, sangat sulit untuk berhenti bermain! 🐃",1,near_duplicate,EDG_3f7eeda78d79,NVG_76f3223b98d4,NDG_038386
DS5_003686,Main disini bikin kantong tebel king328,1,near_duplicate,EDG_427e6c110f3d,NVG_c2a287f0c6e7,NDG_006216
DS5_004162,"Tidak pernah merasa bosan sedikit pun bermain DO𝑅𝘈𝟩𝟽, karena selalu ada inovasi dan kejutan!",1,near_duplicate,EDG_42bc0493d69a,NVG_19e791efb47d,NDG_038391
DS5_000625,"Begitu mantap dan memuaskan! Bermain di 🧑dewadora🧑 selalu lancar tanpa hambatan, rezeki pun mengalir dengan sangat deras! 🟥",1,near_duplicate,EDG_467510a61b01,NVG_fe5ab96be351,NDG_038389
DS5_002635,"Jantung berdebar tak karuan menunggu JP di macau328 , dan akhirnya jackpot pun berhasil diraih!",1,near_duplicate,EDG_46ff46cf4841,NVG_8b504e04d4dc,NDG_038396
DS5_002384,"PawPaw4D Interface-nya gampang dipahami, cocok buat pemula!",1,near_duplicate,EDG_47594026bcee,NVG_3b0771ab645a,NDG_005781
DS5_002904,TerpopulerＧＡ Ｒ Ｕ ＤＡ ＨＯ ＫＩMember baru pasti jepee❤,1,near_duplicate,EDG_4973288ca50f,NVG_ec18b1b9d604,NDG_033492
DS5_002709,"Jantung berdebar tak karuan menunggu JP di 𝑪𝑼𝑨𝑵𝟑𝟐𝟖 , dan akhirnya jackpot pun berhasil diraih!",1,near_duplicate,EDG_49cf2dbeeb86,NVG_cddb4d79a417,NDG_038396
DS5_003058,"𝘋Е𝙒𝐀D𝐎R𝐀 bikin setiap detik berharga, rezeki datang tanpa diduga!",1,near_duplicate,EDG_4b4920cd33c2,NVG_caafab2382c4,NDG_038536
DS5_003257,A𝙂US𝘛𝑂𝘛Оmenawarkan sekilas tentang masa depan interaksi daring.,1,near_duplicate,EDG_4bcc745c868f,NVG_213bac416929,NDG_038421
DS5_003073,"Main cuma sebentar, hasilnya luar biasa! Kalo belum coba di 𝐷𝐸𝙒А𝐃𝙊𝑅𝐀, pasti bakal nyesel!",1,near_duplicate,EDG_4ca1ae062e7c,NVG_baa185dd47dd,NDG_038222
DS5_000685,"Alhamdulillah, rezeki nggak kemana! Baru main di 🧑dewadora🧑,langsung dapat menang besar! Thank you banget! 🧊",1,near_duplicate,EDG_4d150952e4d4,NVG_21a42abe31e6,NDG_005317
DS5_003245,"Sapu bersih semua hadiah dan bonus yang ada di 𝘼𝘌𝙍О𝟴𝟴,auto jadi crazy rich!",1,near_duplicate,EDG_4e5ad76a6218,NVG_c85cfe7b7941,NDG_038528
DS5_004163,"Dapet rezeki besar dari 𝐷𝐄𝙒𝐴𝐷ОЯ𝐀, nggak nyangka main jadi seasyik ini!",1,near_duplicate,EDG_51a605b3ca55,NVG_f4e7917dd492,NDG_038422
DS5_002909,ＧＡ Ｒ Ｕ ＤＡ ＨＯ ＫＩmenang lebih mudah❤,1,near_duplicate,EDG_52a0f4a1c168,NVG_12d1d80a1e92,NDG_033652
DS5_004237,A𝐸Я𝙊𝟾𝟴menawarkan pendekatan yang unik dan inovatif untuk interaksi daring.,1,near_duplicate,EDG_52a56eb200b2,NVG_3b5b7fbc5f7a,NDG_038445
DS5_001239,"Sungguh edan! JP yang sangat fantastis dan luar biasa besar di ✌dewadora✌,kembali memecahkan rekor yang ada! 🐫",1,near_duplicate,EDG_567307c3501c,NVG_0400083a2c29,NDG_038388
DS5_001630,"Main santai di suhu328, hasilnya bikin senyum lebar. Terima kasih banyak!",1,near_duplicate,EDG_56fa3a79456b,NVG_983152283f1e,NDG_006089
DS5_000648,"Cuma modal secuil bisa dapat untung segede gunung di 👎dewadora👎,luar biasa sekali! 🐕‍🦺",1,near_duplicate,EDG_585fbd592b09,NVG_28abe5fc6eb4,NDG_038531
DS5_002633,Main disini bikin kantong tebel macau328,1,near_duplicate,EDG_58ccdb9d0d69,NVG_aa95f20813db,NDG_006216
DS5_000897,👋AERO88 menawarkan berbagai fitur yang menarik bagi sebagian pemain.,1,near_duplicate,EDG_58cea958cf72,NVG_3aff52d946ed,NDG_038220
DS5_004140,𝘈𝙃𝐌A𝐷𝐓𝐎𝙏Оmenyediakan pengalaman daring yang mudah dan tanpa repot.,1,near_duplicate,EDG_59fe9f861aac,NVG_ea6c95f3c5f7,NDG_038470
DS5_001258,"Rezeki dari 😋𝐀𝐄𝐑𝐎-𝟖-𝟖 emang gak ada duanya, terima kasih ya Allah atas limpahan rezeki-Mu!",1,near_duplicate,EDG_5ad978c7d960,NVG_682831c4fb5c,NDG_038525
DS5_001261,"Main santai di 😚𝗔-𝗘-𝗥-𝗢-𝟴𝟴, hasilnya bikin senyum lebar. Terima kasih banyak!",1,near_duplicate,EDG_5cf5ca441cbe,NVG_1fe7d7280bc2,NDG_006089
DS5_002792,Main di king328 bikin auto happy! Rezeki emang gak salah alamat!,1,near_duplicate,EDG_5d57b1998f2e,NVG_e4b0d32fd8ef,NDG_006225
DS5_002905,ＧＡ Ｒ Ｕ ＤＡ ＨＯ ＫＩterpopuler masakini❤,1,near_duplicate,EDG_5e0cadaa0379,NVG_8c72e4abbad3,NDG_033653
DS5_001528,"Gak sabar buat main lagi di  𝑻𝑶𝑻𝑶𝟑𝟐𝟖, karena rezeki datang tak terduga!",1,near_duplicate,EDG_5ec7023dccc0,NVG_7bc58dc9d01d,NDG_037802
DS5_003565,Terima kasih 𝐃𝐸𝙒А𝐷OЯ𝘈! Hari ini menang besar dan bisa buat kebutuhan keluarga.,1,near_duplicate,EDG_602a33c41c65,NVG_6d2acd7ce98b,NDG_038324
DS5_002398,Rekomendasi banget PawPaw4D buat yang suka game ringan dan fun!,1,near_duplicate,EDG_60ef0ba1faf6,NVG_e27a31bcc558,NDG_005793
DS5_003314,АE𝙍𝑂𝟴𝟾menawarkan perspektif yang berbeda tentang permainan daring.,1,near_duplicate,EDG_6113f88abe2f,NVG_42abc1e77aef,NDG_038503
DS5_002114,Semoga rezeki dari 𝐀E𝑅О8𝟪-membawa berkah dan manfaat bagi sesama umat manusia!,1,near_duplicate,EDG_6273457daf6f,NVG_20e7b9f95e51,NDG_038521
DS5_000510,"Berkat 🚶dewadora🚶 saya melesat, dari tukang ojek ke bos transportasi. 🥣",1,near_duplicate,EDG_62b70fbe19c6,NVG_ca0ca16af44a,NDG_006327
DS5_000319,"Tidak pernah merasa bosan sedikit pun bermain 🦾dewadora🦾, karena selalu ada inovasi dan kejutan! 🔴",1,near_duplicate,EDG_62c3c926824c,NVG_c473092560a9,NDG_038391
DS5_003289,"𝐴𝐺𝘜𝙎𝙏O𝙏Оbenar-benar yang terunggul, sangat saya rekomendasikan!",1,near_duplicate,EDG_665b08b54ab0,NVG_57398ffceb15,NDG_038413
DS5_004202,D𝘖𝑅𝘼7𝟳 menyediakan pengalaman daring yang mudah dan tanpa repot.,1,near_duplicate,EDG_68d0bf075276,NVG_5973ece0b210,NDG_038470
DS5_003293,"Sungguh luar biasa dan bikin nagih! А𝙂𝙐𝙎TO𝐓𝘖-membuat ketagihan yang tak tertahankan, sangat sulit untuk berhenti bermain!",1,near_duplicate,EDG_6a380c1ecb79,NVG_4888a9bd61f9,NDG_038386
DS5_000983,"🖖𝘼𝙀𝙍𝙊𝟴𝟴 saya maen santai aja, tetep bisa WEDEY jutaan",1,near_duplicate,EDG_776b00e06f95,NVG_90718a6421ad,NDG_006249
DS5_002912,TerpopulerＧＡ Ｒ Ｕ ＤＡ ＨＯ ＫＩ Member baru pasti jepee❤,1,near_duplicate,EDG_7813e7727de4,NVG_7f6e8e321f19,NDG_033649
DS5_003230,"Gak percaya bisa menang sebanyak ini di 𝘿𝙊𝑅𝐀𝟩7, mimpi jadi realita!",1,near_duplicate,EDG_7a1f8523c6b5,NVG_3ac603073d37,NDG_037925
DS5_000611,"Wih, dapet banyak nih hari ini main di 👍dewadora👍! Rezeki emang gak kemana! ☸",1,near_duplicate,EDG_7c7d5d360bbb,NVG_15364614ed59,NDG_036325
DS5_003246,"Alhamdulillah, rezeki nggak kemana! Baru main di 𝘼𝐸𝐑𝑂88,langsung dapat menang besar! Thank you banget!",1,near_duplicate,EDG_7f458cfcae7c,NVG_187db2093f58,NDG_005317
DS5_003078,Beberapa pengguna mencatat aspek komunitas yang positif dari 𝘿𝙊𝘙𝘼𝟽𝟩.,1,near_duplicate,EDG_83d3cdda5fb7,NVG_8346a5857b3f,NDG_006376
DS5_002080,𝘈𝐺𝙐𝙎𝐓𝑂𝘛𝘖menawarkan kesempatan untuk belajar dari orang lain.,1,near_duplicate,EDG_84e42337a74c,NVG_ca77a4cf6a59,NDG_038439
DS5_003550,𝘼𝐆𝘜𝑆𝙏O𝐓𝘖menawarkan lingkungan yang ramah dan inklusif.,1,near_duplicate,EDG_856f92b9a996,NVG_f43a78464177,NDG_038459
DS5_002763,Main di 𝑪𝑼𝑨𝑵𝟑𝟐𝟖 bikin auto happy! Rezeki emang gak salah alamat!,1,near_duplicate,EDG_865ff1dc01cb,NVG_488517e37373,NDG_006225
DS5_000260,Beberapa pengguna mencatat aspek komunitas yang positif dari 🤜aero88.,1,near_duplicate,EDG_86e5c812031a,NVG_947b4bcf340e,NDG_006376
DS5_002935,"Sapu bersih semua hadiah dan bonus yang ada di manjurbet , auto jadi crazy rich!",1,near_duplicate,EDG_8a144803b0d1,NVG_c37e138aa7c0,NDG_038528
DS5_003248,"Setiap hari selalu ada hal-hal baru dan menarik dari 𝐀𝐆𝘜𝐒𝑇𝐎T𝑂,bikin rasa penasaran terus terjaga!",1,near_duplicate,EDG_8a9c399fa2f3,NVG_eeeb6550e090,NDG_037792
DS5_002786,"Jantung berdebar tak karuan menunggu JP di king328 , dan akhirnya jackpot pun berhasil diraih!",1,near_duplicate,EDG_8c2fef2f8e9f,NVG_6eb3385bfb6b,NDG_038396
DS5_003091,𝐷O𝘙A𝟽𝟩 adalah platform yang didedikasikan untuk inovasi dan kemajuan.,1,near_duplicate,EDG_8cb544165128,NVG_1e48fb9a1178,NDG_038429
DS5_004249,𝘈𝘌Я𝐎𝟴𝟴menawarkan kesempatan untuk belajar dari orang lain.,1,near_duplicate,EDG_8def8cc2c9b1,NVG_3b0528b26172,NDG_038439
DS5_002047,"𝘈𝐸𝘙О𝟪𝟪bikin lupa semua masalah dan beban hidup, hiburan yang sangat bermakna!",1,near_duplicate,EDG_8f2d1336c116,NVG_64402b676481,NDG_038399
DS5_001750,"Hanya dengan modal kecil bisa meraih untung berlipat di 𝗗𝗢-𝗥-𝗔-𝟳-𝟳🤩, sungguh luar biasa! 🈸",1,near_duplicate,EDG_8f5ce9a44239,NVG_40e3e2396ca2,NDG_038403
DS5_003422,Emang gak ada yang bisa ngalahin serunya ⭐𝑲𝒀𝑻4𝑫⭐.,1,near_duplicate,EDG_92d56e881e11,NVG_0f260bc5e237,NDG_032441
DS5_003182,"Main bentar, eh langsung rezeki nomplok! Semuanya bisa terjadi di 𝘿𝑂𝑅𝘈7𝟩!",1,near_duplicate,EDG_92eac401782f,NVG_9ee2d3d6e95f,NDG_038006
DS5_003469,"Gak percaya bisa menang sebanyak ini di 𝐃𝙊𝐑𝘈𝟽𝟽, mimpi jadi realita!",1,near_duplicate,EDG_940b62737e8f,NVG_3ac603073d37,NDG_037925
DS5_003279,АG𝐔𝑆𝑇О𝑇𝐎menawarkan kesempatan untuk berbagi pengalaman Anda.,1,near_duplicate,EDG_94247a020db5,NVG_59239abe263b,NDG_038474
DS5_000832,"Wih, JP lagi nih di 💇axl777💇, rezeki emang gak pernah salah alamat!",1,near_duplicate,EDG_9484f9c8e47b,NVG_3c8988ef0dce,NDG_037955
DS5_001074,🦷dewadora🦷menawarkan cara mudah untuk terhubung dengan orang lain. 🍠,1,near_duplicate,EDG_948ccbbe259f,NVG_948ccbbe259f,NDG_038489
DS5_004090,"Tidak pernah merasa bosan sedikit pun bermain 𝐷𝘌W𝐴𝘿𝑂𝙍𝐴, karena selalu ada inovasi dan kejutan!",1,near_duplicate,EDG_9513cb039854,NVG_e1b0330ab8ab,NDG_038391
DS5_004228,"Dapet rezeki besar dari 𝐃𝐎𝙍А𝟽𝟳, nggak nyangka main jadi seasyik ini!",1,near_duplicate,EDG_957fb9b47213,NVG_61bc6bc80427,NDG_038422
DS5_001647,"Alhamdulillah, rezeki nggak kemana! Baru main di suhu328 , langsung dapat jakpot besar! Thank you banget!",1,near_duplicate,EDG_9724cdc9818a,NVG_a950d2302674,NDG_038427
DS5_002390,PawPaw4D Rekomendasi banget buat yang suka game ringan dan fun!,1,near_duplicate,EDG_978adab39e1d,NVG_afb77340b56c,NDG_005793
DS5_001051,"Rezeki nomplok dari DORA-7-7😀! Modal kecil, hasilnya luar biasa! Pasti balik lagi. ☕",1,near_duplicate,EDG_97d0377a409b,NVG_e37b0a927fb4,NDG_005346
DS5_002056,"Awalnya hanya iseng-iseng mencoba bermain 😃 AЕЯ𝘖𝟾𝟾 🏅,eh ternyata malah menjadi seorang ahli, rezeki pun datang terus menerus tanpa henti!",1,near_duplicate,EDG_98126ab92d61,NVG_d98ad6c75c3a,NDG_038539
DS5_000838,Jakpot besar bikin aku makin semangat tiap kali main di 🙋AERO DELAPANDELAPAN!,1,near_duplicate,EDG_986bffab12dd,NVG_b78d2f0e5ea9,NDG_038202
DS5_002196,Temukan kemungkinan yang dapat dibuka oleh 𝘈𝙀𝐑О𝟪𝟴.,1,near_duplicate,EDG_9933ef303490,NVG_acbd0be9eb18,NDG_038430
DS5_000334,"Berkat D-O-RA77🤷 saya melesat, dari tukang jahit ke bos butik. 🏏",1,near_duplicate,EDG_9a2a23993d24,NVG_456ac1859c27,NDG_006334
DS5_003697,"Main bentar, eh langsung rezeki nomplok! Semuanya bisa terjadi di king328!",1,near_duplicate,EDG_9c0fa4ee215d,NVG_0c594483bce4,NDG_038006
DS5_002820,"Nggak ada yang bisa prediksi, tapi di suhu328,keberuntungan bisa datang kapan saja!",1,near_duplicate,EDG_9ce1c522ef07,NVG_026ff4ee142f,NDG_006219
DS5_003669,"💎 Hoki terus tanpa henti, spin dikit langsung JP di king328! 💰🚀",1,near_duplicate,EDG_9d4fae72593b,NVG_872a1d769ccf,NDG_006224
DS5_003043,"Sikat habis semua bonus dan promo di D𝐸𝘞𝐀𝐃𝑂𝐑А, auto jadi jutawan!",1,near_duplicate,EDG_9d6f3f59e087,NVG_cc7429d9f779,NDG_038404
DS5_004159,"Begitu mantap dan memuaskan! Bermain di 𝘿𝑂𝘙𝐴𝟽7 selalu lancar tanpa hambatan, rezeki pun mengalir dengan sangat deras!",1,near_duplicate,EDG_9ea5274c6b5c,NVG_860b83846934,NDG_038389
DS5_003110,"АE𝙍𝑂𝟾8benar-benar yang terunggul, sangat saya rekomendasikan!",1,near_duplicate,EDG_a0595a3285d6,NVG_6dcd74972523,NDG_038413
DS5_003278,𝘼𝐺𝘜STОT𝙊menawarkan pengalaman yang efisien dan ringkas.,1,near_duplicate,EDG_a324ba9bdc62,NVG_eab34c3ce023,NDG_038467
DS5_003554,"Hari yang begitu indah dan penuh kebahagiaan bersama 𝘈𝙀Я𝑂𝟴8,rezeki datang menghampiri tanpa diduga!",1,near_duplicate,EDG_a5de56fc0fec,NVG_1d6a50ffe5b2,NDG_038392
DS5_000800,"Keberuntungan hari ini benar-benar tak terduga, cuma di DOR-A-7-7🧑! 🥥",1,near_duplicate,EDG_a5e533cb474f,NVG_e075d6364d99,NDG_038327
DS5_001696,"Main di manjurbetcuma sebentar, eh langsung rezeki nomplok. Jadi pengen coba lagi!",1,near_duplicate,EDG_a7f9df8c4af5,NVG_6cefdab76db7,NDG_038184
DS5_002910,ＧＡ Ｒ Ｕ ＤＡ ＨＯ ＫＩ..Member baru pasti jepe❤,1,near_duplicate,EDG_a849bd4e4160,NVG_3d7fcac964b6,NDG_033602
DS5_002230,"Rezeki dari 𝘼ER𝐎𝟾𝟴-emang gak ada duanya, terima kasih ya Allah atas limpahan rezeki-Mu!",1,near_duplicate,EDG_a9088f06b3d5,NVG_7526ae14098c,NDG_038525
DS5_003513,"Hari yang penuh kebahagiaan bersama 𝘿𝘖Я𝘼𝟽𝟽, rezeki datang menghampiri dengan sendirinya!",1,near_duplicate,EDG_a9ef7ce78fe0,NVG_2ea43b85dfd2,NDG_038416
DS5_002011,Hasil nyata dari 𝐷𝘖𝙍А𝟳𝟩 memungkinkan saya beralih dari penjaja gorengan jadi pemilik kafe.,1,near_duplicate,EDG_b0c48a84edf1,NVG_8272c8adbb81,NDG_005827
DS5_004096,"Gak nyangka bisa menang sebanyak ini di 𝘋Е𝘞𝘈𝘿ОЯ𝐀, serasa mimpi di siang bolong!",1,near_duplicate,EDG_b10beb8bc100,NVG_f12338848395,NDG_038534
DS5_001030,Merasa sangat senang mendapatkan rezeki yang berkah dari 𝗗𝗢𝗥-𝗔-𝟳-𝟳🤔! Ⓜ,1,near_duplicate,EDG_b1dcef4600ce,NVG_daec8464a451,NDG_038417
DS5_003171,"Bermain di 𝐷𝐸𝘞А𝘿𝙊𝑅А membuka jalan, dari penjual keliling ke pengusaha kopi.",1,near_duplicate,EDG_b3332c3d4104,NVG_594573985d5f,NDG_005350
DS5_002098,Merasa sangat bahagia dan bersyukur bisa mendapatkan rezeki yang berkah dari 𝘈E𝙍𝙊8𝟴!,1,near_duplicate,EDG_b41b999fc9f9,NVG_4b14bd495d16,NDG_038394
DS5_000650,"Keuntungan besar bikin hari ini makin ceria, makasih 👧dewadora👧! 🛹",1,near_duplicate,EDG_b696a742342f,NVG_60d5caf39977,NDG_006186
DS5_000033,Sangat keren! Meraih kemenangan besar di ambil4d langsung berlibur ke luar negeri!,1,near_duplicate,EDG_b7010855c77b,NVG_31b5a3090614,NDG_037807
DS5_003041,"Main santai di 𝐷E𝑊А𝐃𝐎RА, hasilnya bikin senyum lebar. Terima kasih banyak!",1,near_duplicate,EDG_b73059e74551,NVG_585fb6b2a4f3,NDG_006089
DS5_003477,Main sebentar langsung dapet jakpot gede. Rezeki ada di 𝘋𝙊R𝘼𝟽7!,1,near_duplicate,EDG_b9eff88a6d32,NVG_69d47b9798e0,NDG_038176
DS5_003555,А𝐺U𝑆𝑇𝑂𝙏𝙊menawarkan platform yang terus berkembang berdasarkan masukan pengguna.,1,near_duplicate,EDG_ba4e4377d046,NVG_60c612c96060,NDG_038179
DS5_000394,"Main bentar, eh langsung rezeki nomplok! Semuanya bisa terjadi di 👩‍🦲dewadora👩‍🦲! 🧂",1,near_duplicate,EDG_bc70fc351ea4,NVG_5b8c0aae9ca2,NDG_038006
DS5_002081,"А𝐄R𝐎𝟴8bikin lupa semua masalah duniawi, hiburan yang sangat berarti!",1,near_duplicate,EDG_bd37c97bddfe,NVG_63417c39716c,NDG_038318
DS5_002923,peminat terbanyakＧＡ Ｒ Ｕ ＤＡ ＨＯ ＫＩdi Indonesia❤,1,near_duplicate,EDG_bdc40a9203ec,NVG_ccb502d311f0,NDG_033648
DS5_000840,👤axl777👤 menawarkan cara mudah untuk terhubung dengan orang lain.,1,near_duplicate,EDG_c05262fe6aab,NVG_c05262fe6aab,NDG_038489
DS5_000791,"Rezeki dari 💃dewadora💃 emang gak ada duanya, terima kasih ya Allah atas limpahan rezeki-Mu! 🔲",1,near_duplicate,EDG_c2a1b0597abe,NVG_dff5bb972a51,NDG_038525
DS5_001015,Senang bukan kepalang bisa dapat rezeki nomplok dari ✍dewadora✍! 🦨,1,near_duplicate,EDG_c330eee38f8d,NVG_fadc067d54e2,NDG_037795
DS5_001738,Senang banget bisa dapet rezeki hari ini dari 🤛axl777🤛!,1,near_duplicate,EDG_c76256460f9c,NVG_0752ecc3f717,NDG_037973
DS5_000709,"Cuma modal secuil bisa dapat untung segede gunung di 👊dewadora👊,luar biasa sekali! 🐕‍🦺",1,near_duplicate,EDG_c87cabe916b7,NVG_acc3fa883958,NDG_038531
DS5_002232,"𝘼𝐺U𝘚T𝘖𝘛𝐎bikin hidup makin berwarna, cuan gak berhenti!",1,near_duplicate,EDG_cb41fb17b6f1,NVG_2020806f87ee,NDG_037957
DS5_002228,"Keberuntungan hari ini benar-benar tak terduga, cuma di 𝘈𝙀𝙍О𝟪𝟪!",1,near_duplicate,EDG_cedc5f1a0c7c,NVG_bbe724f2759a,NDG_038327
DS5_003195,"Gak pernah bosen main 𝐃𝙀𝘞A𝘋𝑂𝘙𝘼, selalu ada update dan inovasi terbaru!",1,near_duplicate,EDG_d045c789081f,NVG_bef7eb7d653a,NDG_038519
DS5_003221,"Wih, JP lagi nih di D𝑂𝑅А7𝟽, rezeki emang gak pernah salah alamat!",1,near_duplicate,EDG_d3384f16e3c0,NVG_b36216f8998e,NDG_037955
DS5_003039,"Sangat keren! Meraih kemenangan besar di D𝘖𝙍𝘼𝟳𝟩, langsung berlibur ke luar negeri!",1,near_duplicate,EDG_d57c16ac4bba,NVG_2e9665d4742d,NDG_037807
DS5_003046,Beberapa pemain melaporkan pengalaman positif dengan D𝑂𝑅𝐀𝟩7.,1,near_duplicate,EDG_d68b2b7f012b,NVG_cf0afa72e7ab,NDG_038498
DS5_003227,"Iseng-iseng mencoba bermain 𝐃𝐎𝐑𝘼𝟽𝟩, justru malah menjadi ahli, rezeki terus menerus datang!",1,near_duplicate,EDG_d6f579714cdb,NVG_9c0ebce0a352,NDG_038405
DS5_000502,"Berkat DORA-7-7😀 saya melesat, dari tukang ojek ke bos transportasi. 🥣",1,near_duplicate,EDG_d7803edd8136,NVG_f9407f770bb9,NDG_006327
DS5_000898,"Gak nyangka bisa menang sebanyak ini di 😏𝘼-𝙀-𝙍-𝙊-𝟴𝟴, serasa mimpi di siang bolong!",1,near_duplicate,EDG_d89e59650c7d,NVG_ba7db6f9c524,NDG_038534
DS5_000292,Bermain di 🙇dewadora🙇 memberikan solusi keuangan atas masalah hutang saya. 🐻,1,near_duplicate,EDG_da046b095485,NVG_ff3a56329e12,NDG_006325
DS5_004034,𝘿EW𝐀𝘋О𝙍𝘼 emang is the best! JP-nya bikin mata terbelalak!,1,near_duplicate,EDG_dac99c10a839,NVG_4953ac01e587,NDG_038537
DS5_002217,"Tidak pernah menyangka sebelumnya bisa mendapatkan rezeki sebanyak ini dari А𝘌RO𝟾𝟾,saatnya berbagi kebahagiaan dengan mentraktir teman-teman terdekat!",1,near_duplicate,EDG_deab0b6af5d0,NVG_72270cbea37f,NDG_038538
DS5_003693,"Sapu bersih semua hadiah dan bonus yang ada di king328 , auto jadi crazy rich!",1,near_duplicate,EDG_df86afbaa1be,NVG_c68d89e946ea,NDG_038528
DS5_003545,Senang banget dapat rezeki tak terduga dari 𝐀G𝘜𝙎𝑇𝐎TО!,1,near_duplicate,EDG_e39d7de15457,NVG_217c4811fa22,NDG_038157
DS5_004222,"Iseng-iseng mencoba bermain 𝐷𝙊R𝘼7𝟽, justru malah menjadi ahli, rezeki terus menerus datang!",1,near_duplicate,EDG_e6865a944873,NVG_9c0ebce0a352,NDG_038405
DS5_002050,𝘈𝐄𝐑𝙊𝟾𝟪menawarkan pendekatan yang berbeda untuk keterlibatan daring.,1,near_duplicate,EDG_e81ae860ddf2,NVG_81144e984fa2,NDG_038471
DS5_000668,"Setiap hari selalu ada hal-hal baru dan menarik dari 🙎dewadora🙎, bikin rasa penasaran terus terjaga! 🈵",1,near_duplicate,EDG_e88346a03897,NVG_0c9d6fde2553,NDG_037792
DS5_001067,👶dewadora👶 sedang mendapatkan perhatian belakangan ini. Lihat apa yang ditawarkannya. 😅,1,near_duplicate,EDG_ea1aec020a30,NVG_8e5ab34ef13d,NDG_038513
DS5_001376,"𝐃𝐎𝐑𝐀𝟕-𝟕😍bikin lupa semua masalah dan beban hidup, hiburan yang sangat bermakna! 🐊",1,near_duplicate,EDG_eb64ce4040f0,NVG_55125a71de37,NDG_038399
DS5_003162,"Bermain bersama teman-teman di D𝘌W𝐴𝐃𝘖𝑅𝐀 semakin seru dan asyik, semakin banyak pula rezekinya!",1,near_duplicate,EDG_ed8e15ff45f6,NVG_f8c26bf26a68,NDG_005851
DS5_003990,Beberapa pengguna melaporkan hasil positif dari penggunaan D𝘌WA𝘿𝙊R𝐴.,1,near_duplicate,EDG_ee242a1efcd4,NVG_2ded71673b84,NDG_038434
DS5_000655,👩‍🦲dewadora👩‍🦲 menyediakan pengalaman daring yang mudah dan tanpa repot. 👌,1,near_duplicate,EDG_f18d0fe6ae57,NVG_f18d0fe6ae57,NDG_038470
DS5_004201,"Mantap jiwa raga main di 𝐷O𝙍A𝟳𝟽, cuan terus menerus tanpa ada jeda!",1,near_duplicate,EDG_f4967730ad6e,NVG_51cb9df3a34e,NDG_038535
DS5_001099,Beberapa pengguna melaporkan hasil positif dari penggunaan 🤜dewadora🤜. 🐹,1,near_duplicate,EDG_f501d42ff8df,NVG_f29c00cf18dc,NDG_038434
DS5_003180,"Rezeki dari DЕ𝘞A𝐷O𝘙𝘈 emang gak ada duanya, terima kasih ya Allah atas limpahan rezeki-Mu!",1,near_duplicate,EDG_f5d4a65fc20c,NVG_7db774e157bc,NDG_038525
DS5_002938,Main sebentar langsung dapet jakpot gede. Rezeki ada di manjurbet!,1,near_duplicate,EDG_f638dc2f6b2c,NVG_3c11da82b45b,NDG_038176
DS5_000786,Beberapa pengguna mencatat aspek komunitas yang positif dari D-O-RA77🤷. 🧈,1,near_duplicate,EDG_f6c08b2cf7b4,NVG_802b802c847d,NDG_006376
DS5_003213,Merasa sangat senang mendapatkan rezeki yang berkah dari 𝐃𝙊𝑅𝐀𝟳𝟽!,1,near_duplicate,EDG_f7313f399293,NVG_b25e0b3c0607,NDG_038417
DS5_001038,"Alhamdulillah, rezeki nggak kemana! Baru main di 𝗗 𝗢𝗥𝗔𝟳𝟳👊, langsung dapat jakpot besar! Thank you banget! 🐞",1,near_duplicate,EDG_f7a22f3e70c3,NVG_3a0233311ac7,NDG_038427
DS5_003123,𝘿𝐄𝙒𝐴𝘋𝘖R𝐀 emang is the best! JP-nya bikin mata terbelalak!,1,near_duplicate,EDG_fcd7f99264b7,NVG_ab1d1ad5d2c2,NDG_038537
DS5_001697,"Main bentar, eh langsung rezeki nomplok! Semuanya bisa terjadi di manjurbet!",1,near_duplicate,EDG_fe395a36ad86,NVG_967138fd6ce5,NDG_038006
DS5_000997,"Rekomendasi terbaik buat cari hiburan yang gacir, pasti di 👩‍🦱dewadora👩‍🦱! 🦮",1,near_duplicate,EDG_ff92b4ea0e63,NVG_0fcf2a24e68b,NDG_038695
