exact_duplicate_group,text_raw,frequency,source_datasets,labels,near_duplicate_group
EDG_16e82012fd97,KETIK DI GOOGLE:WISDOMTOTO,931,DS3_yaemico,1.0,NDG_041527
EDG_0a74d7e4604d,100RB GRATIS WISDOMTOTO:fire:,554,DS3_yaemico,1.0,NDG_041526
EDG_fbb6e52880d9,FREEBET 100RB :fire:WISDOMTOTO:fire:,513,DS3_yaemico,1.0,NDG_042240
EDG_f86da21f42fd,FREEBET 100RB WISDOMTOTO:fire:,430,DS3_yaemico,1.0,NDG_042260
EDG_ee9fd2cc6a16,SLOT GACOR:fire: WISDOMTOTO:fire:,243,DS3_yaemico,1.0,NDG_042242
EDG_854a8bebe42c,:fire:ANGKA TERBALIK DI BAYAR:fire:,240,DS3_yaemico,0.0,NDG_042241
EDG_7e15402f5d93,KETIK DI GOOGLE :fire:WISDOMTOTO:fire:,222,DS3_yaemico,1.0,NDG_042243
EDG_da7df573e38b,Pertama,187,DS2_kyyyy8_all;DS4_kyyyy8_platform;DS5_ferdiansakti,0,NDG_014494
EDG_4d3909ef618b,😂😂,114,DS2_kyyyy8_all;DS4_kyyyy8_platform,0,NDG_015535
EDG_b3d2485062c1,😂😂😂,111,DS2_kyyyy8_all;DS4_kyyyy8_platform,0,NDG_006596
EDG_169750549d1f,Grup WA keluarga tiba-tiba rame gara-gara ada yang share 𝓟𝓤𝓛𝓐𝓤𝓦𝓘𝓝.,82,DS2_kyyyy8_all;DS4_kyyyy8_platform,1,NDG_030326
EDG_d8c7b3398b05,😂,82,DS2_kyyyy8_all;DS4_kyyyy8_platform,0,NDG_007117
EDG_1ef942c2b34c,"Lagi ngopi di warung, orang sebelah ngobrolin P͟͟U͟͟L͟͟A͟͟U͟͟W͟͟I͟͟N͟͟.",80,DS2_kyyyy8_all;DS4_kyyyy8_platform,1,NDG_030302
EDG_48729cedda69,"Di status teman-teman, semuanya ngomongin 🅟🅤🅛🅐🅤🅦🅘🅝.",80,DS2_kyyyy8_all;DS4_kyyyy8_platform,1,NDG_031138
EDG_5c62e091b8c0,P,77,DS2_kyyyy8_all;DS4_kyyyy8_platform,0,NDG_000899
EDG_eca8a9b0fb1a,"Di jalan liat stiker motor, eh ada tulisan 𝘗𝘜𝘓𝘈𝘜𝘞𝘐𝘕.",74,DS2_kyyyy8_all;DS4_kyyyy8_platform,1,NDG_031137
EDG_a1adb559423f,*GUNUNGWIN* yang paling bagus!  Terima kasih uang jajannya,71,DS1_fahruu,1,NDG_005846
EDG_a5a3a303a972,𝙿𝚄𝙻𝙰𝚄𝚆𝙸𝙽 jadi bahan obrolan random di basecamp.,70,DS2_kyyyy8_all;DS4_kyyyy8_platform,1,NDG_030301
EDG_3c79f0c0730f,"Ada mural keren di tembok kampus, tulisannya ✧𝙋𝙐𝙇𝘼𝙐𝙒𝙄𝙉✧.",70,DS2_kyyyy8_all;DS4_kyyyy8_platform,1,NDG_031129
EDG_9ac90c8b1b7b,"𝘗𝘶𝘭𝘢𝘶𝘸𝘪𝘯 kayak muncul di semua tempat, dari digital sampai nyata.",70,DS2_kyyyy8_all;DS4_kyyyy8_platform,1,NDG_032217
EDG_b1447c226877,Anak kecil pun udah tau nama ℙ𝕌𝕃𝔸𝕌𝕎𝕀ℕ dari YouTube Shorts.,70,DS2_kyyyy8_all;DS4_kyyyy8_platform,1,NDG_031134
EDG_e04f40aed794,"Denger anak tetangga nyanyi, eh liriknya masukin nama ꧁PULAUWIN꧂.",68,DS2_kyyyy8_all;DS4_kyyyy8_platform,1,NDG_031124
EDG_f7f8e74ab3da,"Di belakang mobil travel, ada stiker besar bertuliskan P͓̽U͓̽L͓̽A͓̽U͓̽W͓̽I͓̽N͓̽.",68,DS2_kyyyy8_all;DS4_kyyyy8_platform,1,NDG_031111
EDG_e854d3eb2611,Di kolom komentar YouTube pun netizen sering mention ⓟⓤⓛⓐⓤⓦⓘⓝ.,68,DS2_kyyyy8_all;DS4_kyyyy8_platform,1,NDG_031121
EDG_148de9c5a7a4,p,67,DS1_fahruu;DS2_kyyyy8_all;DS4_kyyyy8_platform,0,NDG_000899
EDG_0ff345d25d8a,"Sambil nunggu kereta, ada yang nyetel video tentang 𝐏𝐔𝐋𝐀𝐔𝐖𝐈𝐍.",66,DS2_kyyyy8_all;DS4_kyyyy8_platform,1,NDG_031130
EDG_403882df1b23,"Sejak pagi buka HP, yang pertama muncul pasti 𝙋𝙐𝙇𝘼𝙐𝙒𝙄𝙉.",66,DS2_kyyyy8_all;DS4_kyyyy8_platform,1,NDG_031141
EDG_9a412f6794d8,"Lagi belanja di minimarket, kasirnya nyebut 𝓟𝓾𝓵𝓪𝓾𝔀𝓲𝓷 sambil senyum-senyum",66,DS2_kyyyy8_all;DS4_kyyyy8_platform,1,NDG_031127
EDG_85e406cdf7ba,Aku bisa bang,65,DS2_kyyyy8_all,0,NDG_027776
EDG_a533fb9c8290,"Pas buka Instagram explore, muncul reels tentang 🄿🅄🄻🄰🅄🅆🄸🄽.",64,DS2_kyyyy8_all;DS4_kyyyy8_platform,1,NDG_032236
EDG_19581e27de7c,9,64,DS2_kyyyy8_all,0,NDG_008003
EDG_958036f8f009,𝗱 𝟭𝟬𝟬 j𝗱 𝟮𝗷𝘁 buruan gas di :fire: 𝗠𝗘𝗧𝗘𝗢𝗥𝗪𝗜𝗡 :fire:,64,DS3_yaemico,1.0,NDG_042187
EDG_4895883f29c4,❤❤❤,64,DS1_fahruu;DS2_kyyyy8_all;DS4_kyyyy8_platform,0,NDG_000867
EDG_845502d352d5,Semua tongkrongan kekinian pasti udah kenal 𝕻𝖚𝖑𝖆𝖚𝖜𝖎𝖓.,62,DS2_kyyyy8_all;DS4_kyyyy8_platform,1,NDG_031114
EDG_466c0492de6c,Bahkan di caption foto liburan pun banyak yang tulis 🄿🅄🄻🄰🅄🅆🄸🄽.,62,DS2_kyyyy8_all;DS4_kyyyy8_platform,1,NDG_032198
EDG_7cc70b8b7ca2,"Dengerin podcast santai, nama 𝑷𝒖𝒍𝒂𝒖𝒘𝒊𝒏 disebut-sebut terus.",62,DS2_kyyyy8_all;DS4_kyyyy8_platform,1,NDG_031112
EDG_b23c6f9975b2,𝑷𝑼𝑳𝑨𝑼𝑾𝑰𝑵 kayak udah jadi bagian dari hidup sehari-hari.,62,DS2_kyyyy8_all;DS4_kyyyy8_platform,1,NDG_032228
EDG_84bf5951cb26,Sticker di laptop mahasiswa zaman now pasti ada ❝PULAUWIN❞.,62,DS2_kyyyy8_all;DS4_kyyyy8_platform,1,NDG_032197
EDG_185f277230f5,"Setiap nongkrong bareng teman, pasti ada bahasan 𝔓𝔘𝔏𝔄𝔘𝔚𝔌𝔑.",62,DS2_kyyyy8_all;DS4_kyyyy8_platform,1,NDG_031115
EDG_a34a365451c5,Meme lucu di Twitter seringkali ada watermark ℙ𝕌𝕃𝔸𝕌𝕎𝕀ℕ di pojoknya.,62,DS2_kyyyy8_all;DS4_kyyyy8_platform,1,NDG_032201
EDG_0123aab10a6b,Teman yang jarang update pun pasang story tentang 🄿🅄🄻🄰🅄🅆🄸🄽.,62,DS2_kyyyy8_all;DS4_kyyyy8_platform,1,NDG_031126
EDG_680438ed63b7,Pertama ketua,60,DS2_kyyyy8_all;DS4_kyyyy8_platform,0,NDG_033302
EDG_026041d63044,Akun meme favorit juga rajin posting tentang ＰＵＬＡＵＷＩＮ.,60,DS2_kyyyy8_all;DS4_kyyyy8_platform,1,NDG_032209
EDG_de894c9ca298,𝙿𝚄𝙻𝙰𝚄𝚆𝙸𝙽 bahkan muncul di chat grup alumni.,60,DS2_kyyyy8_all;DS4_kyyyy8_platform,1,NDG_032204
EDG_4ea145bc9b59,Ngobrol santai di tongkrongan pasti ada nyelip kata Pᴜʟᴀᴜᴡɪɴ.,60,DS2_kyyyy8_all;DS4_kyyyy8_platform,1,NDG_031128
EDG_9965898e9545,"Komentar netizen di IG, isinya pada bahas P͙U͙L͙A͙U͙W͙I͙N͙.",60,DS2_kyyyy8_all;DS4_kyyyy8_platform,1,NDG_032218
EDG_160f7f09acfd,"Pas ngecek history browser teman, ternyata banyak cari info tentang 🅟🅤🅛🅐🅤🅦🅘🅝.",60,DS2_kyyyy8_all;DS4_kyyyy8_platform,1,NDG_032203
EDG_c5f078a9ba0e,"Kalau udah denger kata 𝗣𝗨𝗟𝗔𝗨𝗪𝗜𝗡, pasti langsung keinget vibe positif.",60,DS2_kyyyy8_all;DS4_kyyyy8_platform,1,NDG_031133
EDG_9891f1d82200,"Pas naik ojol, helm driver-nya ada tulisan 🅟🅤🅛🅐🅤🅦🅘🅝 yang mencolok.",60,DS2_kyyyy8_all;DS4_kyyyy8_platform,1,NDG_032221
EDG_750e1f02a7be,"Pas nyalain radio lokal, penyiar nyebut 𝐏𝐔𝐋𝐀𝐔𝐖𝐈𝐍 dengan semangat.",58,DS2_kyyyy8_all;DS4_kyyyy8_platform,1,NDG_032206
EDG_72785719f996,Status LINE teman kuliah semuanya nulis tentang 𝘗𝘜𝘓𝘈𝘜𝘞𝘐𝘕.,58,DS2_kyyyy8_all;DS4_kyyyy8_platform,1,NDG_032205
EDG_078e0fa35e22,"Di panggung stand-up comedy, komika sempat nyinggung 𝙋𝙐𝙇𝘼𝙐𝙒𝙄𝙉.",58,DS2_kyyyy8_all;DS4_kyyyy8_platform,1,NDG_032216
EDG_44d1c1d95276,"Pas nonton vlog, tiba-tiba host-nya bilang tentang P҉U҉L҉A҉U҉W҉I҉N҉.",58,DS2_kyyyy8_all;DS4_kyyyy8_platform,1,NDG_031113
EDG_ad5972838070,Anak SMA pun udah pakai totebag bertuliskan 🅟🅤🅛🅐🅤🅦🅘🅝.,56,DS2_kyyyy8_all;DS4_kyyyy8_platform,1,NDG_032219
EDG_700075eeecca,"Teman lama ngajak reuni, katanya semua udah main bareng P͟͟U͟͟L͟͟A͟͟U͟͟W͟͟I͟͟N͟͟.",56,DS2_kyyyy8_all;DS4_kyyyy8_platform,1,NDG_032207
EDG_8e26f17e1a63,pertama,56,DS2_kyyyy8_all;DS4_kyyyy8_platform;DS5_ferdiansakti,0,NDG_014494
EDG_790d39e723da,"Baca novel online, tokohnya nyebut 𝓟𝓤𝓛𝓐𝓤𝓦𝓘𝓝 dengan penuh semangat.",56,DS2_kyyyy8_all;DS4_kyyyy8_platform,1,NDG_032200
EDG_0f228c87d28d,Obrolan di podcast remaja kini gak lengkap tanpa 🄿🅄🄻🄰🅄🅆🄸🄽.,54,DS2_kyyyy8_all;DS4_kyyyy8_platform,1,NDG_032208
EDG_4595426f0845,"Bahkan di lagu remix, ada sound effect P҉U҉L҉A҉U҉W҉I҉N҉ nyelip lucu.",54,DS2_kyyyy8_all;DS4_kyyyy8_platform,1,NDG_032519
EDG_282054fcd66b,Terpopuler GA RU DA HO KI Member baru pasti jepee❤,54,DS2_kyyyy8_all;DS4_kyyyy8_platform,1,NDG_036120
EDG_2de34ffce847,Desain grafis di kampus banyak yang pakai font ✧𝙋𝙐𝙇𝘼𝙐𝙒𝙄𝙉✧ sebagai contoh.,52,DS2_kyyyy8_all;DS4_kyyyy8_platform,1,NDG_032202
EDG_7f543258aac8,baru narik 2jt dari *GUNUNGWIN* nasib nasib gk jadi proses pinjol,52,DS1_fahruu,1,NDG_005847
EDG_30d849b36934,Wallpaper cafe kekinian pun ada elemen 𝔓𝕌𝕃𝔸𝕌𝕎𝕀ℕ yang estetik.,52,DS2_kyyyy8_all;DS4_kyyyy8_platform,1,NDG_032196
EDG_e4fa57cba0a2,"Buka status random teman SD, isinya tentang ꧁PULAUWIN꧂.",52,DS2_kyyyy8_all;DS4_kyyyy8_platform,1,NDG_032195
EDG_e25f25b834bb,Bisa bang,51,DS2_kyyyy8_all,0,NDG_027762
EDG_ed64184bf50d,"Lihat sketchbook adik, penuh coretan nama 🄿🅄🄻🄰🅄🅆🄸🄽 yang dihias.",50,DS2_kyyyy8_all;DS4_kyyyy8_platform,1,NDG_032528
EDG_59ad25228dc2,Ngobrol sama stranger di kereta pun bisa nyambung gara-gara P͓̽U͓̽L͓̽A͓̽U͓̽W͓̽I͓̽N͓̽.,50,DS2_kyyyy8_all;DS4_kyyyy8_platform,1,NDG_032521
EDG_30c9428ed979,"Saat buka Pinterest, nemu aesthetic board tentang 𝓟𝓾𝓵𝓪𝓾𝔀𝓲𝓷.",50,DS2_kyyyy8_all;DS4_kyyyy8_platform,1,NDG_032214
EDG_4a1a7e88c263,"Iseng buka aplikasi chat lama, ternyata ada obrolan soal ＰＵＬＡＵＷＩＮ.",50,DS2_kyyyy8_all;DS4_kyyyy8_platform,1,NDG_032215
EDG_8e5b54cf13a5,"Gokil parah, di *GUNUNGWIN* ada bonus DEPOSIT yang bisa di-claim sampai kiamat.",49,DS1_fahruu,1,NDG_005213
EDG_bfe0e7b373af,Situs rekomendasi terbaik *GUNUNGWIN*,49,DS1_fahruu,1,NDG_005848
EDG_0182489853da,𝘗𝘶𝘭𝘢𝘶𝘸𝘪𝘯 makin dikenal dari pagi sampai malam.,48,DS2_kyyyy8_all;DS4_kyyyy8_platform,1,NDG_032522
EDG_6f8a46b2c19b,Sticker HP anak muda sekarang ada desain 🄿🅄🄻🄰🅄🅆🄸🄽.,48,DS2_kyyyy8_all;DS4_kyyyy8_platform,1,NDG_032512
EDG_14846ed279b6,"𝑷𝒖𝒍𝒂𝒖𝒘𝒊𝒏 ada di mana-mana, kayak bagian dari budaya pop.",48,DS2_kyyyy8_all;DS4_kyyyy8_platform,1,NDG_032526
EDG_d872d0b79111,"Lagi santai di taman, anak-anak main sambil teriak 𝙋𝙐𝙇𝘼𝙐𝙒𝙄𝙉.",48,DS2_kyyyy8_all;DS4_kyyyy8_platform,1,NDG_032213
EDG_248b662faaf4,Teman mabar ngajak ngumpul sambil bahas ＰＵＬＡＵＷＩＮ.,48,DS2_kyyyy8_all;DS4_kyyyy8_platform,1,NDG_032520
EDG_502fa4b7abde,Kalender meja teman kantor ada logo ❝PULAUWIN❞ kecil di sudutnya.,46,DS2_kyyyy8_all;DS4_kyyyy8_platform,1,NDG_030300
EDG_0dd98ba49836,Cuitan tentang 𝕻𝖚𝖑𝖆𝖚𝖜𝖎𝖓 makin hari makin banyak.,46,DS2_kyyyy8_all;DS4_kyyyy8_platform,1,NDG_032706
EDG_e81deda62a70,buruan di coba ini sudah pasti mantap hanya di *GUNUNGWIN*,46,DS1_fahruu,1,NDG_005841
EDG_6b86b273ff34,1,45,DS2_kyyyy8_all;DS4_kyyyy8_platform,0,NDG_027140
EDG_caddb3188d52,😂😂😂😂,44,DS2_kyyyy8_all;DS4_kyyyy8_platform,0,NDG_006713
EDG_cc13ee6f077a,❤,44,DS1_fahruu;DS2_kyyyy8_all;DS4_kyyyy8_platform,0,NDG_000475
EDG_056dedfea203,Aamiin,44,DS2_kyyyy8_all,0,NDG_013190
EDG_2ffdee014b0b,"Tiap scroll feed explore, selalu ada 𝓟𝓾𝓵𝓪𝓾𝔀𝓲𝓷 muncul.",44,DS2_kyyyy8_all;DS4_kyyyy8_platform,1,NDG_032518
EDG_15c1330ec757,Wallpaper HP sepupu aku pakai tema ⚡️PULAUWIN⚡️.,42,DS2_kyyyy8_all;DS4_kyyyy8_platform,1,NDG_032227
EDG_6689dce197c2,💙💙ＧＡＲＵ Ｄ ＡＨ ＯＫＩ⭐✨member baru psti jepe,40,DS2_kyyyy8_all;DS4_kyyyy8_platform,1,NDG_032239
EDG_825737d0ccdf,𝑷𝑼𝑳𝑨𝑼𝑾𝑰𝑵 sukses jadi bahan FYP TikTok.,40,DS2_kyyyy8_all;DS4_kyyyy8_platform,1,NDG_032930
EDG_17ad01e737fc,beneran situs yang lagi viral hanya di *GUNUNGWIN* modal cacing bisa jadi naga kwkwkkw,39,DS1_fahruu,1,NDG_005833
EDG_d307903f7249,"Selalu happy bang Salim,Ga ruda Hoki-Gookil🤗🔥",38,DS2_kyyyy8_all;DS4_kyyyy8_platform,1,NDG_034303
EDG_5d57d39e6b7d,👍,38,DS1_fahruu;DS2_kyyyy8_all;DS4_kyyyy8_platform,0,NDG_000384
EDG_647b01e69ea6,Ngisi waktu kosong pun enaknya sambil lihat konten 𝙋𝙐𝙇𝘼𝙐𝙒𝙄𝙉.,38,DS2_kyyyy8_all;DS4_kyyyy8_platform,1,NDG_032419
EDG_4839d51b8e01,Aku pertama depo jp diGaruda-Ho ki😚,38,DS2_kyyyy8_all;DS4_kyyyy8_platform,1,NDG_034304
EDG_4c076b6abf5f,"Gak nyangka,🀄ℙℝ𝕆𝔹𝔼𝕋855🀄sekeren ini! Visualnya ciamik, ceritanya penuh hikmah, untungnya luar biasa!💯",36,DS2_kyyyy8_all;DS4_kyyyy8_platform,1,NDG_032060
EDG_a0d17fd3b0eb,maxwin beneran gua diGaruda-hoki😮,36,DS2_kyyyy8_all;DS4_kyyyy8_platform,1,NDG_034301
EDG_cdffd8b76e22,"Lihat orang jualan kaos di pasar, ada yang tulisannya 🅿️︎︎︎︎🆄︎🅻︎🅰️︎🆄︎🆆︎🅸︎🅽︎.",36,DS2_kyyyy8_all;DS4_kyyyy8_platform,1,NDG_032226
EDG_988a2c3088ba,Waktu itu gua maen malem2 jp 21jt diGa ruda Ho ki😍🔥,36,DS2_kyyyy8_all;DS4_kyyyy8_platform,1,NDG_033574
EDG_52f8a76e7244,Cuman mo bilang makasih udh ngasih tauGa ru da Ho ki gua jp😽🔥,36,DS2_kyyyy8_all;DS4_kyyyy8_platform,1,NDG_034302
EDG_929193599360,😊 🏹,36,DS2_kyyyy8_all;DS4_kyyyy8_platform,0,NDG_033546
EDG_6d4ec48bbc5b,BandarGaruda-Ho ki tegang gua menang 80jt🥴🔥,35,DS1_fahruu;DS2_kyyyy8_all;DS4_kyyyy8_platform,1,NDG_006060
EDG_3f2969313570,Influencer lifestyle pun rajin endorse 🅟🅤🅛🅐🅤🅦🅘🅝.,34,DS2_kyyyy8_all;DS4_kyyyy8_platform,1,NDG_032524
EDG_b1e47138817b,"Pagi-pagi buka laptop, wallpaper teman ada logo 🅿️🆄🅻🅰️🆄🆆🅸🅽.",34,DS2_kyyyy8_all;DS4_kyyyy8_platform,1,NDG_031119
EDG_289139b968c8,*GUNUNGWIN* emang topcer ibartnya 134 gada 2nya makasih *GUNUNGWIN*,33,DS1_fahruu,1,NDG_005831
EDG_4d9dcc03f52f,"Setiap buka Twitter, trending topic-nya gak jauh-jauh dari 🅿️︎🆄🅻︎🅰️︎🆄︎🆆︎🅸︎🅽︎.",32,DS2_kyyyy8_all;DS4_kyyyy8_platform,1,NDG_031123
EDG_7b85f52cb6fd,Bikin senyum sendiri! 𝐓𝐈𝐌𝐎𝟒𝐃,32,DS2_kyyyy8_all;DS4_kyyyy8_platform,1,NDG_032046
EDG_e648c07e0623,𝔾𝔸 ℝ𝕌 𝔻𝔸 ℍ𝕆 𝕂𝕀..Berbagi_Kemenangan,32,DS2_kyyyy8_all;DS4_kyyyy8_platform,1,NDG_031105
EDG_cdb4ee2aea69,.,32,DS1_fahruu;DS2_kyyyy8_all;DS4_kyyyy8_platform,0,NDG_000712
EDG_b77f8b29eacc,"MantappGarudahoki,2hari gua wd tross😭",32,DS2_kyyyy8_all;DS4_kyyyy8_platform,1,NDG_034300
EDG_2a905963417b,"Masyallah,🌍ℙℝ𝕆𝔹𝔼𝕋855🌍bikin takjub! visualnya ciamik.ceritanya penuh makna.dan untung wow!💯",32,DS2_kyyyy8_all;DS4_kyyyy8_platform,1,NDG_032743
EDG_299cf46ae506,Terpopuler Ｇ ＡＲ ＵＤ Ａ Ｈ ０ Ｋ ｌ Lisensi web Terbaik,32,DS2_kyyyy8_all;DS4_kyyyy8_platform,1,NDG_031100
EDG_187ecf4b106a,Hadir ketua,32,DS2_kyyyy8_all;DS4_kyyyy8_platform,0,NDG_006534
EDG_9bc28b889842,😅,31,DS2_kyyyy8_all;DS4_kyyyy8_platform,0,NDG_006708
EDG_6e672a1e6032,Wallpaper HP sepupu aku pakai tema ⚡PULAUWIN⚡.,30,DS2_kyyyy8_all;DS4_kyyyy8_platform,1,NDG_032227
EDG_6ece7ac9cffe,"01:16 Gak nyangka,🀄ℙℝ𝕆𝔹𝔼𝕋855🀄sekeren ini! Visualnya ciamik, ceritanya penuh hikmah, untungnya luar biasa!💯",30,DS2_kyyyy8_all;DS4_kyyyy8_platform,1,NDG_032060
EDG_b73f75f9738e,"Alhamdulillah Pernah coba awal awalnya bingung karna bukan pemainkan tapi mau main ahirnya aku coba di tempat namanya,🀄ℙℝ𝕆𝔹𝔼𝕋855🀄Ternyata ramah banget miminnya di ajarin aku kalau gk tau ,dan juga fast respon banget!💯",30,DS2_kyyyy8_all;DS4_kyyyy8_platform,1,NDG_032644
EDG_0dac9219707c,"Gila, ❤𝐌𝐎𝐍𝐀 𝟒𝐃🔴 bikin nagih! Ceritanya dalam, visualnya kece, dan kemenangannya bikin kaget. Wajib coba! 🔥",30,DS2_kyyyy8_all;DS4_kyyyy8_platform,1,NDG_032618
EDG_4846db4cef11,Sekarang semua timeline dipenuhi dengan 🅿️︎🆄🅻︎🅰️︎🆄︎🆆︎🅸︎🅽︎.,30,DS2_kyyyy8_all;DS4_kyyyy8_platform,1,NDG_032199
EDG_05b4aa961c75,udah 5×jp diGa ru da-Ho ki tapi gapernah modal gede🤭,30,DS2_kyyyy8_all;DS4_kyyyy8_platform,1,NDG_033787
EDG_f6bd556eac2e,𝔾𝔸 ℝ𝕌 𝔻𝔸 ℍ𝕆 𝕂𝕀..favorit Semua Kalangan Pasti_Jepe,30,DS2_kyyyy8_all;DS4_kyyyy8_platform,1,NDG_031101
EDG_b1059bb845e1,"Lihat orang jualan kaos di pasar, ada yang tulisannya 🅿︎︎︎︎🆄︎🅻︎🅰︎🆄︎🆆︎🅸︎🅽︎.",30,DS2_kyyyy8_all;DS4_kyyyy8_platform,1,NDG_032226
EDG_eb78d9dfdcd7,"Jogja hadir nyimak boss,🌍ℙℝ𝕆𝔹𝔼𝕋855🌍konten ini bikin ketagihan!💯",30,DS2_kyyyy8_all;DS4_kyyyy8_platform,1,NDG_032430
EDG_b2af2cbeae1a,"Wow, ❤𝐌𝐎𝐍𝐀 𝟒𝐃🔴 bener-bener beda! Ceritanya mengalir, visualnya kece, dan untungnya bikin hati berbunga! 👑",30,DS2_kyyyy8_all;DS4_kyyyy8_platform,1,NDG_032673
EDG_ffe1e329aa22,"Salam, Masya Allah Alhamdulillah terimakasih atas kehadiranya semoga berkah dan bermnafaat ilmunya dunia akhirat, semoga rezeki kita dimudahkan dan diluaskan, diberikan kesehatan dan ketenangan selali dalam hidup ini dan semua hajat2 kita dikabulkan oleh Allah Aamiin Jangan lupa like & subscribe dan share kepada yang lain insya allah akan menjadi amal jariyah bagi kita semuanya aamiin🤲🏻",29,DS2_kyyyy8_all,0,NDG_024570
EDG_28fff336b524,"Gak sabar share ke temen soal ❤𝐌𝐎𝐍𝐀 𝟒𝐃🔴! Ceritanya bikin penasaran, kemenangannya bikin happy! ❤️",29,DS2_kyyyy8_all;DS4_kyyyy8_platform,1,NDG_021217
EDG_ecea4b981580,"Setiap kalimat di video ini terasa tulus dan penuh makna,🀄ℙℝ𝕆𝔹𝔼𝕋855🀄Yang paling aku suka adalah bagaimana kamu bikin penonton merasa nyaman dan gak dihakimi. Sukses selalu buat kamu dan channel ini!💯",28,DS2_kyyyy8_all;DS4_kyyyy8_platform,1,NDG_032040
EDG_81e36aa66756,Ｇ ＡＲ ＵＤ Ａ Ｈ ０ Ｋ ｌ_Kemenangan sangat mudah,28,DS2_kyyyy8_all;DS4_kyyyy8_platform,1,NDG_031097
EDG_6073a83feeef,anjayy Ga nyangka gua bisa maxwin dariGa ruda-Ho ki😚,28,DS2_kyyyy8_all;DS4_kyyyy8_platform,1,NDG_033575
EDG_2b64b81a0320,"02:42, video ini bikin mood makan terus!!🌍ℙℝ𝕆𝔹𝔼𝕋855🌍",28,DS2_kyyyy8_all;DS4_kyyyy8_platform,1,NDG_032405
EDG_4f87f618a834,"Untuk meraih mimpi sukses, kita harus berani melangkah seperti semangat,🀄ℙℝ𝕆𝔹𝔼𝕋855🀄yang tak pernah padam!💯",28,DS2_kyyyy8_all;DS4_kyyyy8_platform,1,NDG_032396
EDG_8f575d066a50,"Masyaallah,🀄ℙℝ𝕆𝔹𝔼𝕋855🀄bikin takjub! Visualnya ciamik, ceritanya penuh makna, untungnya wow!💯",28,DS2_kyyyy8_all;DS4_kyyyy8_platform,1,NDG_032646
EDG_942d66e66e41,Maen mahjong nyaGaruda Ho ki gua jp 15jeti🤭🔥,28,DS2_kyyyy8_all;DS4_kyyyy8_platform,1,NDG_033744
EDG_ea233fc9aa1e,"Pagi-pagi buka laptop, wallpaper teman ada logo 🅿🆄🅻🅰🆄🆆🅸🅽.",28,DS2_kyyyy8_all;DS4_kyyyy8_platform,1,NDG_031119
EDG_98ca4934a27f,"Berkah rezeki hari ini berkat,🌍ℙℝ𝕆𝔹𝔼𝕋855🌍puji syukur!",28,DS2_kyyyy8_all;DS4_kyyyy8_platform,1,NDG_032416
EDG_aeec3e4e91f6,"4:20 ""Suka banget liat proses di balik layar kayak gini!!🌍ℙℝ𝕆𝔹𝔼𝕋855🌍adi makin respect sama usaha dan kerja keras yang ada di balik tiap detik video yang ditonton.Detail kecil-kecilnya tuh ternyata dipikirin banget, salut!! Terus berkarya ya, makin keren ke depannya!💯",28,DS2_kyyyy8_all;DS4_kyyyy8_platform,1,NDG_032399
EDG_3e8f2b436c9a,"Setiap buka Twitter, trending topic-nya gak jauh-jauh dari 🅿︎🆄🅻︎🅰︎🆄︎🆆︎🅸︎🅽︎.",28,DS2_kyyyy8_all;DS4_kyyyy8_platform,1,NDG_031123
EDG_04b8a6a0ff25,pertama ketua,28,DS2_kyyyy8_all;DS4_kyyyy8_platform,0,NDG_033302
EDG_eeb008d5d528,Kreatif banget niat bikin kontennya🌍ℙℝ𝕆𝔹𝔼𝕋855🌍,28,DS2_kyyyy8_all;DS4_kyyyy8_platform,1,NDG_032068
EDG_9b4381569c39,"Sumpah,🏴‍☠️𝓟𝓡𝓞𝓑𝓔𝓣855🏴‍☠️luar biasa! Visualnya kece, ceritanya menyentuh, dan hadiahnya bikin jantungan. Pengalaman gaming yang top!💯",28,DS2_kyyyy8_all;DS4_kyyyy8_platform,1,NDG_032443
EDG_89f29f47a80c,❤❤,27,DS1_fahruu;DS2_kyyyy8_all;DS4_kyyyy8_platform,0,NDG_001266
EDG_d8c8ce83c53a,Aku bisa,27,DS2_kyyyy8_all,0,NDG_027789
EDG_4cd61e07eb4f,BWTOGEL lagi gacorr,27,DS3_yaemico,1.0,NDG_041906
EDG_106e6f0c1a13,"Gasskuyy dari bang toing katanya,Ga ruda-Ho ki-Badai petir🔥🔥",27,DS1_fahruu;DS2_kyyyy8_all;DS4_kyyyy8_platform,1,NDG_006059
EDG_2f0052779200,aku bisa bang,27,DS2_kyyyy8_all,0,NDG_027776
EDG_a7937b64b8ca,first,27,DS2_kyyyy8_all;DS4_kyyyy8_platform,0,NDG_006543
EDG_f4bfc88f6f1a,"[̲̅P][̲̅U][̲̅L][̲̅A][̲̅U][̲̅7][̲̅7][̲̅7], serunya bermain dengan peluang tak terbatas",26,DS2_kyyyy8_all;DS4_kyyyy8_platform,1,NDG_035175
EDG_7cd03d9cf9be,"Konten seperti ini yang dibutuhkan di YouTube. Sukses terus!,𝐓𝐈𝐌𝐎𝟒𝐃!",26,DS2_kyyyy8_all;DS4_kyyyy8_platform,1,NDG_032401
EDG_9887f2daeaa8,Baru kali ini maxwin 5 kali berturut turut di-Ga ru da Ho ki😍,26,DS2_kyyyy8_all;DS4_kyyyy8_platform,1,NDG_034206
EDG_73541818f2c6,1:31 Kontennya rapi dan menarik!!🀄ℙℝ𝕆𝔹𝔼𝕋855🀄,26,DS2_kyyyy8_all;DS4_kyyyy8_platform,1,NDG_032428
EDG_434e24b8bd7d,Pengen bikin konten juga? Lihat inspirasi dari Pᴜʟᴀᴜᴡɪɴ aja!,26,DS2_kyyyy8_all;DS4_kyyyy8_platform,1,NDG_035114
EDG_94108f855812,"Terima kasih udah bikin video sekeren ini,️🌍ℙℝ𝕆𝔹𝔼𝕋855🌍aku merasa dapet banyak banget insight baru. Yang paling aku suka adalah bagaimana kamu bikin penonton merasa nyaman dan gak dihakimi. Doaku yang terbaik buat kamu dan perjalanan channel ini!💯",26,DS2_kyyyy8_all;DS4_kyyyy8_platform,1,NDG_032051
EDG_e4b67be3855e,"̶P̶U̶L̶A̶U̶7̶7̶7̶., peluang besar untuk setiap pemain",26,DS2_kyyyy8_all;DS4_kyyyy8_platform,1,NDG_035210
EDG_17c460115505,"Asli kontennya top,🀄ℙℝ𝕆𝔹𝔼𝕋855🀄juga selalu top sih!💯",26,DS2_kyyyy8_all;DS4_kyyyy8_platform,1,NDG_032742
EDG_e8fa0e9bde84,"Kreatif banget oh inikah rasa Manis yang saya impi impikan ternyata ada di,🀄ℙℝ𝕆𝔹𝔼𝕋855🀄",26,DS2_kyyyy8_all;DS4_kyyyy8_platform,1,NDG_032397
EDG_b560250b1cca,"06:00 [̲̅P][̲̅U][̲̅L][̲̅A][̲̅U][̲̅7][̲̅7][̲̅7], bermain dengan peluang besar",26,DS2_kyyyy8_all;DS4_kyyyy8_platform,1,NDG_035197
EDG_9209514a54e8,【P】【U】【L】【A】【U】【7】【7】【7】 kemenangan besar hanya satu klik saja,26,DS2_kyyyy8_all;DS4_kyyyy8_platform,1,NDG_035202
EDG_ee77f9bc2d24,"Keren parah,🀄ℙℝ𝕆𝔹𝔼𝕋855🀄video ini bikin saya kagum sama kedalaman materinya. Lanjutkan bro!💯",26,DS2_kyyyy8_all;DS4_kyyyy8_platform,1,NDG_032735
EDG_2f0dd165e1c6,Makin hari kontennya makin keren🀄ℙℝ𝕆𝔹𝔼𝕋855🀄,26,DS2_kyyyy8_all;DS4_kyyyy8_platform,1,NDG_036484
EDG_53156be5d73a,GA RU DA HO KI..Terpopuler masakini❤,26,DS2_kyyyy8_all;DS4_kyyyy8_platform,1,NDG_036121
EDG_dfa7ccfe6fd7,"[̲̅P][̲̅U][̲̅L][̲̅A][̲̅U][̲̅7][̲̅7][̲̅7], tempat kemenangan berada",26,DS2_kyyyy8_all;DS4_kyyyy8_platform,1,NDG_035214
EDG_6146299cd548,🎉,26,DS2_kyyyy8_all;DS4_kyyyy8_platform,0,NDG_015998
EDG_a7e275033386,Desain kaos distro lokal mulai banyak cetak 🅿️🆄🅻🅰️🆄🆆🅸🅽.,26,DS2_kyyyy8_all;DS4_kyyyy8_platform,1,NDG_032527
EDG_bce186021693,❤❤❤❤,25,DS1_fahruu;DS2_kyyyy8_all,0,NDG_000232
EDG_38b7c147cacf,"Bener-bener berkualitas. Gak cuma buat ditonton,🌍ℙℝ𝕆𝔹𝔼𝕋855🌍tapi bisa jadi bahan renungan juga. Teruskan bikin konten kayak gini!💯",24,DS2_kyyyy8_all;DS4_kyyyy8_platform,1,NDG_032395
EDG_ebc28ac40e7e,Ini sih wajib share!🌍ℙℝ𝕆𝔹𝔼𝕋855🌍,24,DS2_kyyyy8_all;DS4_kyyyy8_platform,1,NDG_032412
EDG_4fa526533cf2,"Bener-bener berkualitas. Gak cuma buat ditonton,🔴𝐓𝐈𝐌𝐎𝟒𝐃 tapi bisa jadi bahan renungan juga. Teruskan bikin konten kayak gini!",24,DS2_kyyyy8_all;DS4_kyyyy8_platform,1,NDG_032049
EDG_d03d1fa1f1f6,Nyimak bang smngt.. Slam support wkwkwk !!🎱𝓟𝓡𝓞𝓑𝓔𝓣855🎱,24,DS2_kyyyy8_all;DS4_kyyyy8_platform,1,NDG_032479
EDG_3dfcade459d9,"Sungguh menginspirasi,🀄ℙℝ𝕆𝔹𝔼𝕋855🀄konten ini punya nilai tinggi dan disajikan dengan apik. Terus berkarya ya!💯",24,DS2_kyyyy8_all;DS4_kyyyy8_platform,1,NDG_032061
EDG_4cfac9982817,"Jangan pernah takut menghadapi masa depan, hadapi lalu perjuangkanlah masa depan itu bersama🌍ℙℝ𝕆𝔹𝔼𝕋855🌍",24,DS2_kyyyy8_all;DS4_kyyyy8_platform,1,NDG_032648
EDG_44a921bdaf91,Sekarang semua timeline dipenuhi dengan 🅿︎🆄🅻︎🅰︎🆄︎🆆︎🅸︎🅽︎.,24,DS2_kyyyy8_all;DS4_kyyyy8_platform,1,NDG_032199
EDG_b57cf83f45f9,"Semangat aku sampe merinding nonton bagian-bagian tertentu,🀄ℙℝ𝕆𝔹𝔼𝕋855🀄Rasanya tiap kata yang kamu ucapin tuh kena banget ke hati!💯",24,DS2_kyyyy8_all;DS4_kyyyy8_platform,1,NDG_032737
EDG_c9b861d2dd42,"Bisa dibilang, video ini salah satu video terbaik yang pernah aku tonton di YouTube tahun ini,🀄ℙℝ𝕆𝔹𝔼𝕋855🀄Gak cuma dari segi visual, tapi juga dari kedalaman pesan yang dibawa. Terima kasih udah bikin sesuatu yang bermanfaat dan menyentuh!💯",24,DS2_kyyyy8_all;DS4_kyyyy8_platform,1,NDG_032398
EDG_0b0548f4589d,"Gak ada yang bisa ngalahin video kita Kalau Lapar itu makan , kalau haus itu minum tapi kalau ga-cor itu di🌍ℙℝ𝕆𝔹𝔼𝕋855🌍",24,DS2_kyyyy8_all;DS4_kyyyy8_platform,1,NDG_032400
EDG_ac4a23bb4d06,"Cara kerjanya simpel, tapi hasilnya mantap🌍ℙℝ𝕆𝔹𝔼𝕋855🌍",24,DS2_kyyyy8_all;DS4_kyyyy8_platform,1,NDG_032402
EDG_dc3f528109c9,"Gak nyangka🌍ℙℝ𝕆𝔹𝔼𝕋855🌍sebagus ini! Ceritanya penuh makna, visualnya ciamik, dan hadiahnya bikin dompet tersenyum lebar. Pengalaman yang nggak terlupakan!💯",24,DS2_kyyyy8_all;DS4_kyyyy8_platform,1,NDG_032654
EDG_a151ceb1711a,First,24,DS2_kyyyy8_all;DS4_kyyyy8_platform,0,NDG_006543
EDG_214199f96e60,GA RU DA HO KI menang lebih mudah❤,24,DS2_kyyyy8_all;DS4_kyyyy8_platform,1,NDG_036122
EDG_a7df9f520727,"02:30ＰⓤＬＡＵ777, tempatnya peluang besar",24,DS2_kyyyy8_all;DS4_kyyyy8_platform,1,NDG_035212
EDG_a09b18c2a1a0,"mantap,🀄ℙℝ𝕆𝔹𝔼𝕋855🀄video ini bikin hari ceria dan happy!💯",24,DS2_kyyyy8_all;DS4_kyyyy8_platform,1,NDG_032642
EDG_a0483e4fb799,"Asli deh, ⭐𝐓𝐈𝐌𝐎𝟒𝐃⭐ sama konten lo sama-sama bikin betah! 🏠",24,DS2_kyyyy8_all;DS4_kyyyy8_platform,1,NDG_032437
EDG_924d03e41035,"Ya Tuhan, ❤𝐌𝐎𝐍𝐀 𝟒𝐃🔴 bikin speechless! Visualnya memanjakan mata, ceritanya penuh makna! 👏",24,DS2_kyyyy8_all;DS4_kyyyy8_platform,1,NDG_032627
EDG_029e5e385e45,"Mulai dari yang kecil, lama-lama jadi wow di🌍ℙℝ𝕆𝔹𝔼𝕋855🌍",24,DS2_kyyyy8_all;DS4_kyyyy8_platform,1,NDG_036185
EDG_e07635088e44,emang terbaik si !!🎱𝓟𝓡𝓞𝓑𝓔𝓣855🎱,24,DS2_kyyyy8_all;DS4_kyyyy8_platform,1,NDG_032080
EDG_8f6ba9c4dcee,🌍ℙℝ𝕆𝔹𝔼𝕋855🌍bikin luar biasa! Tiap menit penasaran. Sukses selalu!💯,24,DS2_kyyyy8_all;DS4_kyyyy8_platform,1,NDG_032736
EDG_871595117833,"05:00 ＰⓤＬＡＵ777, peluang besar untuk setiap pemain",24,DS2_kyyyy8_all;DS4_kyyyy8_platform,1,NDG_035184
EDG_1213a6478175,"Gaya transisi-nya,🀄ℙℝ𝕆𝔹𝔼𝕋855🀄banget bro!💯",24,DS2_kyyyy8_all;DS4_kyyyy8_platform,1,NDG_031069
EDG_ad0786a2a45a,"Luar biasa keren,🏴‍☠️𝓟𝓡𝓞𝓑𝓔𝓣855🏴‍☠️konten ini bener-bener inspiratif dan mudah dipahami. Sukses selalu!💯",24,DS2_kyyyy8_all;DS4_kyyyy8_platform,1,NDG_032606
EDG_e0588be2fe76,"Mantep,🎱𝓟𝓡𝓞𝓑𝓔𝓣855🎱udah jadi kebiasaan, Caerr terusss!💯",24,DS2_kyyyy8_all;DS4_kyyyy8_platform,1,NDG_032082
EDG_1ece66a05e22,Desain kaos distro lokal mulai banyak cetak 🅿🆄🅻🅰🆄🆆🅸🅽.,24,DS2_kyyyy8_all;DS4_kyyyy8_platform,1,NDG_032527
EDG_2e4320e64325,"01:04 🀄ℙℝ𝕆𝔹𝔼𝕋855🀄kamu emang yang terbaik! Setiap main bikin ketagihan, ceritanya relatable, visualnya premium!💯",24,DS2_kyyyy8_all;DS4_kyyyy8_platform,1,NDG_036583
EDG_7adc3a93cc72,"Subhanallah, ❤𝐌𝐎𝐍𝐀 𝟒𝐃🔴 bikin pengalaman main jadi beda! Visualnya keren, ceritanya inspiratif, dan untungnya luar biasa! 🙌",24,DS2_kyyyy8_all;DS4_kyyyy8_platform,1,NDG_032628
EDG_e4066190a434,"Bikin senyum sendiri,🌍ℙℝ𝕆𝔹𝔼𝕋855🌍konten ini bener-bener top!💯",24,DS2_kyyyy8_all;DS4_kyyyy8_platform,1,NDG_032404
EDG_e0ad9a7ec467,"Alhamdulillah,🀄ℙℝ𝕆𝔹𝔼𝕋855🀄bikin hiburan lebih meaningful! Ceritanya relatable, hadiahnya wow!💯",24,DS2_kyyyy8_all;DS4_kyyyy8_platform,1,NDG_032423
EDG_7380029a16c8,Pertama bang,23,DS2_kyyyy8_all;DS4_kyyyy8_platform,0,NDG_022894
EDG_65d277fa7b5d,Hadir,23,DS2_kyyyy8_all;DS3_yaemico;DS4_kyyyy8_platform,0;0.0,NDG_006676
EDG_04504810d9cc,Ｇ ＡＲ ＵＤ Ａ Ｈ ０ Ｋ ｌ Hari ini lagi banyak yg wede,22,DS2_kyyyy8_all;DS4_kyyyy8_platform,1,NDG_031102
EDG_8e057f22c37a,"Udah tarik berkali-kali,🀄ℙℝ𝕆𝔹𝔼𝕋855🀄gak pernah mengecewakan!💯",22,DS2_kyyyy8_all;DS4_kyyyy8_platform,1,NDG_032425
EDG_deff25b27a3b,Konten seperti ini yang dibutuhkan di YouTube. Sukses terus!🌍ℙℝ𝕆𝔹𝔼𝕋855🌍,22,DS2_kyyyy8_all;DS4_kyyyy8_platform,1,NDG_032401
EDG_f310fa8aadc7,"❤𝐌𝐎𝐍𝐀 𝟒𝐃🔴 emang juara! Baru main sekali, langsung kepincut sama konsep cerita dan gameplay-nya. Hadiahnya bikin semangat dobel! 👑",22,DS2_kyyyy8_all;DS4_kyyyy8_platform,1,NDG_032630
EDG_6ed1155cb0a2,"Jogja lantai 2 setia hadir nyimak pak mantap,🀄ℙℝ𝕆𝔹𝔼𝕋855🀄",22,DS2_kyyyy8_all;DS4_kyyyy8_platform,1,NDG_032418
EDG_024d11034ddd,Haram haram haram bapaknya di setrum di kamboja,22,DS2_kyyyy8_all;DS4_kyyyy8_platform,0,NDG_036868
EDG_487a98bea79d,"Alhamdulillah,🏴‍☠️𝓟𝓡𝓞𝓑𝓔𝓣855🏴‍☠️bikin hiburan jadi lebih bermakna! Ceritanya relate, hadiahnya bikin dompet happy!💯",22,DS2_kyyyy8_all;DS4_kyyyy8_platform,1,NDG_032470
