record_id,exact_hash,text_raw,source_dataset,source_row_id,source_label,canonical_label,label_status,decision,reason,adjudication_note
DS1_007387,106e6f0c1a132f358d88ac23195ee67bdfd4e79b65c8a0b0644ffddf4326ec96,"Gasskuyy dari bang toing katanya,Ga ruda-Ho ki-Badai petir🔥🔥",DS1_fahruu,7386,1,1,accepted,ACCEPT_PROMOTION,Obfuscated gambling promotion with separated syllables 'Ga ruda-Ho ki' (Garuda Hoki) and slot reference 'Badai petir' (Zeus slot).,Section 6F (Obfuscated promotion).
DS2_013658,b6f055a2a44dda144a7350d0f2a48a75ad460954010d81f34f03fb4e1cc7f636,apalagi ini 07:01 Ｐ ＵＬ Ａ Ｕ W I N ⚡️,DS2_kyyyy8_all,13657,1,1,accepted,ACCEPT_PROMOTION,Obfuscated brand endorsement for 'PULAUWIN' using full-width characters and timestamp. Internal duplicate conflict in DS2 resolved to 1.,Section 6E & 6F.
DS2_014208,b6f055a2a44dda144a7350d0f2a48a75ad460954010d81f34f03fb4e1cc7f636,apalagi ini 07:01 Ｐ ＵＬ Ａ Ｕ W I N ⚡️,DS2_kyyyy8_all,14207,1,1,accepted,ACCEPT_PROMOTION,Obfuscated brand endorsement for 'PULAUWIN' using full-width characters and timestamp. Internal duplicate conflict in DS2 resolved to 1.,Section 6E & 6F.
DS2_014588,b6f055a2a44dda144a7350d0f2a48a75ad460954010d81f34f03fb4e1cc7f636,apalagi ini 07:01 Ｐ ＵＬ Ａ Ｕ W I N ⚡️,DS2_kyyyy8_all,14587,0,1,accepted,ACCEPT_PROMOTION,Obfuscated brand endorsement for 'PULAUWIN' using full-width characters and timestamp. Internal duplicate conflict in DS2 resolved to 1.,Section 6E & 6F.
DS2_014771,b6f055a2a44dda144a7350d0f2a48a75ad460954010d81f34f03fb4e1cc7f636,apalagi ini 07:01 Ｐ ＵＬ Ａ Ｕ W I N ⚡️,DS2_kyyyy8_all,14770,1,1,accepted,ACCEPT_PROMOTION,Obfuscated brand endorsement for 'PULAUWIN' using full-width characters and timestamp. Internal duplicate conflict in DS2 resolved to 1.,Section 6E & 6F.
DS2_014832,b6f055a2a44dda144a7350d0f2a48a75ad460954010d81f34f03fb4e1cc7f636,apalagi ini 07:01 Ｐ ＵＬ Ａ Ｕ W I N ⚡️,DS2_kyyyy8_all,14831,1,1,accepted,ACCEPT_PROMOTION,Obfuscated brand endorsement for 'PULAUWIN' using full-width characters and timestamp. Internal duplicate conflict in DS2 resolved to 1.,Section 6E & 6F.
DS2_023270,b6f055a2a44dda144a7350d0f2a48a75ad460954010d81f34f03fb4e1cc7f636,apalagi ini 07:01 Ｐ ＵＬ Ａ Ｕ W I N ⚡️,DS2_kyyyy8_all,23269,1,1,accepted,ACCEPT_PROMOTION,Obfuscated brand endorsement for 'PULAUWIN' using full-width characters and timestamp. Internal duplicate conflict in DS2 resolved to 1.,Section 6E & 6F.
DS2_028037,b140e38110013eccbe03ec49e44153de079a4ae6a2b0b5f4221c0b16652b8e68,Padahal udah pada tau kunci onic itu di duo mid sama roam dan kebiasaan rrq gonta ganti pemain di mpl 😅 kocak banget gimana mau kemestri,DS2_kyyyy8_all,28036,0,0,accepted,ACCEPT_NON_PROMOTION,Esports tactical analysis of ONIC vs RRQ in MPL. Misannotated as 1 in DS4.,Section 7F.
DS2_028728,5c4cd69d1ccc749b96cf4bde7c9c49242e36f2bcc0e87f7a80b036f20e7bd93f,"gua jg bingung, gua memang dukung RRQ tapi di Onic ada skylar dan di Evos ada albert vyn😂 jadi harus 3 nih",DS2_kyyyy8_all,28727,0,0,accepted,ACCEPT_NON_PROMOTION,"Esports discussion about pro players Skylar, Albert, and Vyn. Misannotated as 1 in DS4.",Section 7F.
DS2_028886,2f08fdc1abc724285e72721c8509d27bec94eef185064994f4e59fc626549766,"0:56 WiFi4D bukti nyata, bukan sekadar janji.🎉",DS2_kyyyy8_all,28885,1,1,accepted,ACCEPT_PROMOTION,Promotional spam with fake YouTube timestamp and brand endorsement for 'WiFi4D'. Misannotated as 0 in DS4.,Section 6E (Brand endorsement) & 6F (Timestamp obfuscation).
DS2_029325,366bd13942fcbdadda04233b5a5c56f059dc081c38377b55b8c818b0903e885e,Bang bikent vibes nya udah beda banget udah ga berapi api kaya dulu 😔,DS2_kyyyy8_all,29324,0,0,accepted,ACCEPT_NON_PROMOTION,Comment directed to YouTuber Brandon Kent (Bikent). Misannotated as 1 in DS4.,Section 7F (Komentar streamer).
DS2_029326,4151a798cdb176642a09a449b94fd1b68702d1455a5c50055845c099e1e77dd0,"menang di puja""kalah di taik""in.gimna sih.",DS2_kyyyy8_all,29325,0,0,accepted,ACCEPT_NON_PROMOTION,General moral sentiment about audience hypocrisy in sports/games. Misannotated as 1 in DS4.,Section 7F (Komentar umum).
DS2_029436,39fc8cc4625952c7433c8fb6f54d27198124f3ca806b7291f8f8be459c1af03c,Bener² udah gak niat ngonten😂 thumbnailnya udah 2jam blm di ganti² yang match 1🤣,DS2_kyyyy8_all,29435,0,0,accepted,ACCEPT_NON_PROMOTION,Comment criticizing channel uploader for slow thumbnail update on match 1. Misannotated as 1 in DS4.,Section 7F (Komentar YouTube).
DS2_031148,b639cb19f24baf150fc9d77381a76e018494cccf9f5e002892f998342f8e9c32,Max win apa maxim,DS2_kyyyy8_all,31147,0,0,accepted,ACCEPT_NON_PROMOTION,Wordplay pun between gambling term 'maxwin' and ride-hailing app 'Maxim'. Not promoting gambling. Misannotated as 1 in DS4.,Section 7D & 7F.
DS2_031379,83dfcf269cf1fc911d53bb28b6092694fe4791077c851dae1ca60355551e8070,Ga Ruda Ho ki-gokil banget pecah terus ga sia sia anjaay🔥,DS2_kyyyy8_all,31378,1,1,accepted,ACCEPT_PROMOTION,Obfuscated endorsement for Garuda Hoki with claim of continuous win ('pecah terus'). Misannotated as 0 in 1 row of DS4.,Section 6D & 6F.
DS2_031846,83dfcf269cf1fc911d53bb28b6092694fe4791077c851dae1ca60355551e8070,Ga Ruda Ho ki-gokil banget pecah terus ga sia sia anjaay🔥,DS2_kyyyy8_all,31845,1,1,accepted,ACCEPT_PROMOTION,Obfuscated endorsement for Garuda Hoki with claim of continuous win ('pecah terus'). Misannotated as 0 in 1 row of DS4.,Section 6D & 6F.
DS2_032327,4839d51b8e01b39cadb440085ea419bee7606c7c20b83871e098068ce83650b9,Aku pertama depo jp diGaruda-Ho ki😚,DS2_kyyyy8_all,32326,1,1,accepted,ACCEPT_PROMOTION,Testimonial and endorsement promoting deposit and winning at Garuda Hoki. Misannotated as 0 in 1 row of DS4.,Section 6D (Testimonial/social proof).
DS2_032332,4839d51b8e01b39cadb440085ea419bee7606c7c20b83871e098068ce83650b9,Aku pertama depo jp diGaruda-Ho ki😚,DS2_kyyyy8_all,32331,1,1,accepted,ACCEPT_PROMOTION,Testimonial and endorsement promoting deposit and winning at Garuda Hoki. Misannotated as 0 in 1 row of DS4.,Section 6D (Testimonial/social proof).
DS2_032563,91dc35c1440271299a9de610d9ce74bd8ce6cd33399281dba3355aaa512b42ce,Tutor Garuda bang 🗿🤌🤌,DS2_kyyyy8_all,32562,0,0,accepted,ACCEPT_NON_PROMOTION,Viewer asking for tutorial on game hero/mechanic. Not a gambling promo. Misannotated as 1 in DS4.,Section 7E & 7F.
DS2_032666,c56bf29cc4a1aef9da527c1639033e0b507a46f15a008f8b58739fcc2e04d8ca,Bonus ketua,DS2_kyyyy8_all,32665,0,0,accepted,ACCEPT_NON_PROMOTION,Streamer gaming community inside joke. Misannotated as 1 in DS4 due to keyword 'bonus'.,Section 7E & Section 8.
DS2_033286,0684b5ce43355ca9b12a54d777ffa09d7b7689065b0a7414c272d468d9a99a92,"Situs sampah , jp kagak Rungkat iya wkwkwk",DS2_kyyyy8_all,33285,0,0,accepted,ACCEPT_NON_PROMOTION,"Criticism and expression of player frustration ('situs sampah, rungkat'). Does not promote gambling. Misannotated as 1 in DS4.",Section 7B (Kritik/diskusi) & 7C (Keluhan).
DS2_033798,4839d51b8e01b39cadb440085ea419bee7606c7c20b83871e098068ce83650b9,Aku pertama depo jp diGaruda-Ho ki😚,DS2_kyyyy8_all,33797,1,1,accepted,ACCEPT_PROMOTION,Testimonial and endorsement promoting deposit and winning at Garuda Hoki. Misannotated as 0 in 1 row of DS4.,Section 6D (Testimonial/social proof).
DS2_033799,106e6f0c1a132f358d88ac23195ee67bdfd4e79b65c8a0b0644ffddf4326ec96,"Gasskuyy dari bang toing katanya,Ga ruda-Ho ki-Badai petir🔥🔥",DS2_kyyyy8_all,33798,1,1,accepted,ACCEPT_PROMOTION,Obfuscated gambling promotion with separated syllables 'Ga ruda-Ho ki' (Garuda Hoki) and slot reference 'Badai petir' (Zeus slot).,Section 6F (Obfuscated promotion).
DS2_034770,d32c999063c867fd34869f7db0216834ca6ee4a767711b4463df2e84694eba50,"Ajak family lu aja main,kali aja JP 😂",DS2_kyyyy8_all,34769,0,NULL,review,SEND_TO_REVIEW,Ambiguous teasing comment mentioning 'JP'. Could be sarcasm between gaming friends or gambling banter. Sent to review queue.,Section 10.
DS2_035002,4839d51b8e01b39cadb440085ea419bee7606c7c20b83871e098068ce83650b9,Aku pertama depo jp diGaruda-Ho ki😚,DS2_kyyyy8_all,35001,1,1,accepted,ACCEPT_PROMOTION,Testimonial and endorsement promoting deposit and winning at Garuda Hoki. Misannotated as 0 in 1 row of DS4.,Section 6D (Testimonial/social proof).
DS2_035003,4839d51b8e01b39cadb440085ea419bee7606c7c20b83871e098068ce83650b9,Aku pertama depo jp diGaruda-Ho ki😚,DS2_kyyyy8_all,35002,1,1,accepted,ACCEPT_PROMOTION,Testimonial and endorsement promoting deposit and winning at Garuda Hoki. Misannotated as 0 in 1 row of DS4.,Section 6D (Testimonial/social proof).
DS2_035820,106e6f0c1a132f358d88ac23195ee67bdfd4e79b65c8a0b0644ffddf4326ec96,"Gasskuyy dari bang toing katanya,Ga ruda-Ho ki-Badai petir🔥🔥",DS2_kyyyy8_all,35819,1,1,accepted,ACCEPT_PROMOTION,Obfuscated gambling promotion with separated syllables 'Ga ruda-Ho ki' (Garuda Hoki) and slot reference 'Badai petir' (Zeus slot).,Section 6F (Obfuscated promotion).
DS2_035826,4839d51b8e01b39cadb440085ea419bee7606c7c20b83871e098068ce83650b9,Aku pertama depo jp diGaruda-Ho ki😚,DS2_kyyyy8_all,35825,1,1,accepted,ACCEPT_PROMOTION,Testimonial and endorsement promoting deposit and winning at Garuda Hoki. Misannotated as 0 in 1 row of DS4.,Section 6D (Testimonial/social proof).
DS2_036173,7e8d6e02c1cbea93ef8942e96d756d0ffa8e7fdedb1d53fb415e5898556d8988,kalau mukbang paling enak sambil buka 𝐓𝐀𝐊𝐉𝐔𝐁𝟒𝐃 sudah pasti di kasih jajan sampai puas!!!,DS2_kyyyy8_all,36172,1,1,accepted,ACCEPT_PROMOTION,Promotional CTA for gambling platform 'TAKJUB4D' with promise of bonus ('kasih jajan sampai puas'). Misannotated as 0 in DS4.,Section 6A & 6F.
DS2_036518,4839d51b8e01b39cadb440085ea419bee7606c7c20b83871e098068ce83650b9,Aku pertama depo jp diGaruda-Ho ki😚,DS2_kyyyy8_all,36517,1,1,accepted,ACCEPT_PROMOTION,Testimonial and endorsement promoting deposit and winning at Garuda Hoki. Misannotated as 0 in 1 row of DS4.,Section 6D (Testimonial/social proof).
DS2_036523,106e6f0c1a132f358d88ac23195ee67bdfd4e79b65c8a0b0644ffddf4326ec96,"Gasskuyy dari bang toing katanya,Ga ruda-Ho ki-Badai petir🔥🔥",DS2_kyyyy8_all,36522,1,1,accepted,ACCEPT_PROMOTION,Obfuscated gambling promotion with separated syllables 'Ga ruda-Ho ki' (Garuda Hoki) and slot reference 'Badai petir' (Zeus slot).,Section 6F (Obfuscated promotion).
DS2_036527,4839d51b8e01b39cadb440085ea419bee7606c7c20b83871e098068ce83650b9,Aku pertama depo jp diGaruda-Ho ki😚,DS2_kyyyy8_all,36526,1,1,accepted,ACCEPT_PROMOTION,Testimonial and endorsement promoting deposit and winning at Garuda Hoki. Misannotated as 0 in 1 row of DS4.,Section 6D (Testimonial/social proof).
DS2_036598,106e6f0c1a132f358d88ac23195ee67bdfd4e79b65c8a0b0644ffddf4326ec96,"Gasskuyy dari bang toing katanya,Ga ruda-Ho ki-Badai petir🔥🔥",DS2_kyyyy8_all,36597,1,1,accepted,ACCEPT_PROMOTION,Obfuscated gambling promotion with separated syllables 'Ga ruda-Ho ki' (Garuda Hoki) and slot reference 'Badai petir' (Zeus slot).,Section 6F (Obfuscated promotion).
DS2_036603,4839d51b8e01b39cadb440085ea419bee7606c7c20b83871e098068ce83650b9,Aku pertama depo jp diGaruda-Ho ki😚,DS2_kyyyy8_all,36602,1,1,accepted,ACCEPT_PROMOTION,Testimonial and endorsement promoting deposit and winning at Garuda Hoki. Misannotated as 0 in 1 row of DS4.,Section 6D (Testimonial/social proof).
DS2_036684,83dfcf269cf1fc911d53bb28b6092694fe4791077c851dae1ca60355551e8070,Ga Ruda Ho ki-gokil banget pecah terus ga sia sia anjaay🔥,DS2_kyyyy8_all,36683,1,1,accepted,ACCEPT_PROMOTION,Obfuscated endorsement for Garuda Hoki with claim of continuous win ('pecah terus'). Misannotated as 0 in 1 row of DS4.,Section 6D & 6F.
DS2_036820,106e6f0c1a132f358d88ac23195ee67bdfd4e79b65c8a0b0644ffddf4326ec96,"Gasskuyy dari bang toing katanya,Ga ruda-Ho ki-Badai petir🔥🔥",DS2_kyyyy8_all,36819,1,1,accepted,ACCEPT_PROMOTION,Obfuscated gambling promotion with separated syllables 'Ga ruda-Ho ki' (Garuda Hoki) and slot reference 'Badai petir' (Zeus slot).,Section 6F (Obfuscated promotion).
DS2_036825,4839d51b8e01b39cadb440085ea419bee7606c7c20b83871e098068ce83650b9,Aku pertama depo jp diGaruda-Ho ki😚,DS2_kyyyy8_all,36824,1,1,accepted,ACCEPT_PROMOTION,Testimonial and endorsement promoting deposit and winning at Garuda Hoki. Misannotated as 0 in 1 row of DS4.,Section 6D (Testimonial/social proof).
DS2_037005,4839d51b8e01b39cadb440085ea419bee7606c7c20b83871e098068ce83650b9,Aku pertama depo jp diGaruda-Ho ki😚,DS2_kyyyy8_all,37004,1,1,accepted,ACCEPT_PROMOTION,Testimonial and endorsement promoting deposit and winning at Garuda Hoki. Misannotated as 0 in 1 row of DS4.,Section 6D (Testimonial/social proof).
DS2_037545,4839d51b8e01b39cadb440085ea419bee7606c7c20b83871e098068ce83650b9,Aku pertama depo jp diGaruda-Ho ki😚,DS2_kyyyy8_all,37544,1,1,accepted,ACCEPT_PROMOTION,Testimonial and endorsement promoting deposit and winning at Garuda Hoki. Misannotated as 0 in 1 row of DS4.,Section 6D (Testimonial/social proof).
DS2_037552,106e6f0c1a132f358d88ac23195ee67bdfd4e79b65c8a0b0644ffddf4326ec96,"Gasskuyy dari bang toing katanya,Ga ruda-Ho ki-Badai petir🔥🔥",DS2_kyyyy8_all,37551,1,1,accepted,ACCEPT_PROMOTION,Obfuscated gambling promotion with separated syllables 'Ga ruda-Ho ki' (Garuda Hoki) and slot reference 'Badai petir' (Zeus slot).,Section 6F (Obfuscated promotion).
DS2_037800,7e85f641248e23c542b906754ffcdc84b983786c5a8b5895c0d90be56cbc5e45,Kalau seperti itu pasti ga bakalan kalah dong 🍭𝑺𝑬𝑵𝑫𝑨𝑳4𝑫🍭,DS2_kyyyy8_all,37799,1,1,accepted,ACCEPT_PROMOTION,Promotional endorsement for gambling site 'SENDAL4D' using mathematical italic unicode font. Misannotated as 0 in DS4.,Section 6E & 6F.
DS2_038172,de128e0f2e6f6facb211bafd4eb93d451b3f85483df0b67db1e98e994bc4b38b,Terpercaya dan proses paling cepat memang di ourastoree,DS2_kyyyy8_all,38171,0,0,accepted,ACCEPT_NON_PROMOTION,"Endorsement for authorized Mobile Legends game top-up diamond store ('ourastoree' owned by streamer Oura Eko), not online gambling. Misannotated as 1 in DS4.",Section 7E (Konteks non-judi).
DS2_039412,9620190186625d3fbc83b4c196dc627f5673f085c68ec72d33ec562325bd9856,wadaw BERKAH99,DS2_kyyyy8_all,39411,1,1,accepted,ACCEPT_PROMOTION,Brand mention/shoutout for gambling site 'BERKAH99'. Misannotated as 0 in DS4.,Section 6E.
DS2_039980,82310c95d83e747f28fee7892b9a0f51193f26a6b20ea574e589e7c3a8aedda1,"Memang palua ⚡  Vyn Uciha gak mainin rendy aneh banget, sibuk doang gonta ganti pemain, pemai",DS2_kyyyy8_all,39979,0,0,accepted,ACCEPT_NON_PROMOTION,Esports critique regarding MLBB pro player Vyn. Misannotated as 1 in DS4.,Section 7F.
DS2_040275,f3dfc7a02d39d880ec0d166c1323a90863a98894acc296dba2ea4b8505a6944a,Evos bak to kandang kucing,DS2_kyyyy8_all,40274,0,0,accepted,ACCEPT_NON_PROMOTION,Esports banter mocking team EVOS. Misannotated as 1 in DS4.,Section 7F.
DS2_040308,2f3032ba7f8a13b2d129c0e460917cb8d4320863775bf16e398ca6ecf5a46373,Dari semua mantan player tevos si max paling besar mulut exp masa depan lawan rrq udah telor gmna lawan raja terakhir onic,DS2_kyyyy8_all,40307,0,0,accepted,ACCEPT_NON_PROMOTION,"Esports banter regarding Mobile Legends team EVOS, RRQ, and ONIC. Misannotated as 1 in DS4.",Section 7F (Diskusi esports non-judi).
DS2_040318,0c22cbf842689f8aad5dab4ac6cea4a800b66ab44107f00733e80701f3dacbd2,"Tul,bener"" menghibur banget beliau beliau ini,apalagi max,",DS2_kyyyy8_all,40317,0,0,accepted,ACCEPT_NON_PROMOTION,General entertainment comment on a YouTube gaming/streaming video. No gambling relation. Misannotated as 1 in DS4.,Section 7F (Komentar biasa YouTube).
DS2_040349,920d20ec19ea66b695fc823ee93653463887dc9328245113a130b2ad7b6f1a29,Lucu banget 😂😂😂,DS2_kyyyy8_all,40348,0,0,accepted,ACCEPT_NON_PROMOTION,Standard humorous reaction to YouTube video. Misannotated as 1 in DS4.,Section 7F.
DS2_040513,25f6a5ccefc26edf09548d60cdb61320933761829922e4cd814fcd120c9a6f4e,"😂😂😂si kecil aktif gitu co bisa aja pascol ngundang orang""",DS2_kyyyy8_all,40512,0,0,accepted,ACCEPT_NON_PROMOTION,Viewer reaction to streamer Pascol video content. Misannotated as 1 in DS4.,Section 7F (Komentar umum).
DS2_040676,83dfcf269cf1fc911d53bb28b6092694fe4791077c851dae1ca60355551e8070,Ga Ruda Ho ki-gokil banget pecah terus ga sia sia anjaay🔥,DS2_kyyyy8_all,40675,1,1,accepted,ACCEPT_PROMOTION,Obfuscated endorsement for Garuda Hoki with claim of continuous win ('pecah terus'). Misannotated as 0 in 1 row of DS4.,Section 6D & 6F.
DS2_040696,4839d51b8e01b39cadb440085ea419bee7606c7c20b83871e098068ce83650b9,Aku pertama depo jp diGaruda-Ho ki😚,DS2_kyyyy8_all,40695,1,1,accepted,ACCEPT_PROMOTION,Testimonial and endorsement promoting deposit and winning at Garuda Hoki. Misannotated as 0 in 1 row of DS4.,Section 6D (Testimonial/social proof).
DS2_040698,106e6f0c1a132f358d88ac23195ee67bdfd4e79b65c8a0b0644ffddf4326ec96,"Gasskuyy dari bang toing katanya,Ga ruda-Ho ki-Badai petir🔥🔥",DS2_kyyyy8_all,40697,1,1,accepted,ACCEPT_PROMOTION,Obfuscated gambling promotion with separated syllables 'Ga ruda-Ho ki' (Garuda Hoki) and slot reference 'Badai petir' (Zeus slot).,Section 6F (Obfuscated promotion).
DS2_040699,4839d51b8e01b39cadb440085ea419bee7606c7c20b83871e098068ce83650b9,Aku pertama depo jp diGaruda-Ho ki😚,DS2_kyyyy8_all,40698,1,1,accepted,ACCEPT_PROMOTION,Testimonial and endorsement promoting deposit and winning at Garuda Hoki. Misannotated as 0 in 1 row of DS4.,Section 6D (Testimonial/social proof).
DS2_040838,f501add0f96e56faa4cfa568546326602caf68791359ec9f1e21921f1fed98da,Ketua aku bangun tidur dituduh selingkuh tanpa ada leher😂😂😂,DS2_kyyyy8_all,40837,0,0,accepted,ACCEPT_NON_PROMOTION,Humorous viewer comment in livestream. Misannotated as 1 in DS4.,Section 7F.
DS2_040939,508766945fb68d23d4268016a18da0904d7d17cbbeb77bb8fe585e654c4691d8,Selalu menghibur ketua naga hitam yang satu ini,DS2_kyyyy8_all,40938,0,0,accepted,ACCEPT_NON_PROMOTION,Fan comment appreciating video creator/streamer. Misannotated as 1 in DS4.,Section 7F.
DS2_041009,106e6f0c1a132f358d88ac23195ee67bdfd4e79b65c8a0b0644ffddf4326ec96,"Gasskuyy dari bang toing katanya,Ga ruda-Ho ki-Badai petir🔥🔥",DS2_kyyyy8_all,41008,1,1,accepted,ACCEPT_PROMOTION,Obfuscated gambling promotion with separated syllables 'Ga ruda-Ho ki' (Garuda Hoki) and slot reference 'Badai petir' (Zeus slot).,Section 6F (Obfuscated promotion).
DS2_041016,4839d51b8e01b39cadb440085ea419bee7606c7c20b83871e098068ce83650b9,Aku pertama depo jp diGaruda-Ho ki😚,DS2_kyyyy8_all,41015,1,1,accepted,ACCEPT_PROMOTION,Testimonial and endorsement promoting deposit and winning at Garuda Hoki. Misannotated as 0 in 1 row of DS4.,Section 6D (Testimonial/social proof).
DS2_041457,31b947415c637551885cf446fd78f3c3a36fedcc540a3ede54e9975b8a47f5e1,Hama puki,DS2_kyyyy8_all,41456,0,0,accepted,ACCEPT_NON_PROMOTION,Profanity/toxic banter from gaming audience. Contains no gambling promotion. Misannotated as 1 in DS4.,Section 7F (Komentar umum non-judi).
DS2_041490,93c456527202a52c7984e51a1783edcb694295aeb2d30df9f6f53d80f9f91738,Review hero baru yg tolol cuma pascol,DS2_kyyyy8_all,41489,0,0,accepted,ACCEPT_NON_PROMOTION,Critique of streamer Pascol reviewing a new ML hero. Misannotated as 1 in DS4.,Section 7F.
DS2_041527,e257c34ce86b30695785972364eaf76f5d4810385da7e2797596a40a56df9137,Wkwk awal season udah push aj lu col,DS2_kyyyy8_all,41526,0,0,accepted,ACCEPT_NON_PROMOTION,Chat remark to streamer Pascol about early season rank pushing in Mobile Legends. Misannotated as 1 in DS4.,Section 7F.
DS2_041543,8bae5ab533042ec460f874db394cfeb8a0225cb0a892ff97bc63b568764ba770,Jangan di paksa maju di keroyok juga kalah,DS2_kyyyy8_all,41542,0,0,accepted,ACCEPT_NON_PROMOTION,Advice on in-game team fight tactical movement. Misannotated as 1 in DS4.,Section 7F.
DS2_041623,106e6f0c1a132f358d88ac23195ee67bdfd4e79b65c8a0b0644ffddf4326ec96,"Gasskuyy dari bang toing katanya,Ga ruda-Ho ki-Badai petir🔥🔥",DS2_kyyyy8_all,41622,1,1,accepted,ACCEPT_PROMOTION,Obfuscated gambling promotion with separated syllables 'Ga ruda-Ho ki' (Garuda Hoki) and slot reference 'Badai petir' (Zeus slot).,Section 6F (Obfuscated promotion).
DS2_041630,4839d51b8e01b39cadb440085ea419bee7606c7c20b83871e098068ce83650b9,Aku pertama depo jp diGaruda-Ho ki😚,DS2_kyyyy8_all,41629,1,1,accepted,ACCEPT_PROMOTION,Testimonial and endorsement promoting deposit and winning at Garuda Hoki. Misannotated as 0 in 1 row of DS4.,Section 6D (Testimonial/social proof).
DS2_041827,684fc940c3f8bee9e5777a0cdbac8ca1746d7df212fe7a276f5d6bc44a79e561,"min, tumben skrng upload video keratua kok gak pake efek editan",DS2_kyyyy8_all,41826,0,0,accepted,ACCEPT_NON_PROMOTION,Audience question to YouTube channel admin regarding video editing effects. Misannotated as 1 in DS4.,Section 7F.
DS2_041921,6aaca6fc4dac4b07aff7ca81a9d263016ef0a28e121b9017bc773ed8025464ad,Niatnya beli lc buat dibully ini malah labi labi yg kena buly🤣,DS2_kyyyy8_all,41920,0,0,accepted,ACCEPT_NON_PROMOTION,Gaming stream joke. Misannotated as 1 in DS4.,Section 7F.
DS2_041933,68898410fa42ec29b7cd526805d8501a6481e325375b75417c6f4f56123073df,Liat notifnya aj udh ngakak,DS2_kyyyy8_all,41932,0,0,accepted,ACCEPT_NON_PROMOTION,Reaction to YouTube video notification. Misannotated as 1 in DS4.,Section 7F.
DS2_042086,a3c25df2d8066d4a731809193271544e50e1dcd4420340220f54e5fb4653d691,Sejak lu sukses besar gak ada lagi kuliat kau ngajak kak Luan Mabar ya col,DS2_kyyyy8_all,42085,0,0,accepted,ACCEPT_NON_PROMOTION,Personal remark to streamer Pascol about playing games with LuanLuan. Misannotated as 1 in DS4.,Section 7F.
DS2_042100,dfe98bb0957da202e7d50dcc0b4dbf6bcd091c024d886f4c3989453bf1ee51ac,Jadi apa masalahnya setiap orang ada urusan masing-masing,DS2_kyyyy8_all,42099,0,0,accepted,ACCEPT_NON_PROMOTION,General audience comment about personal boundaries. Misannotated as 1 in DS4.,Section 7F.
DS2_042374,b789024a4d2e0d570ae468c4f6f40cf2ed6abad3a4f1dbd2ef139fdd7b4f2576,"Apalah marah mulu, udah gitu nafsu",DS2_kyyyy8_all,42373,0,0,accepted,ACCEPT_NON_PROMOTION,Reaction to streamer gaming rage behavior. Misannotated as 1 in DS4.,Section 7F.
DS2_042407,106e6f0c1a132f358d88ac23195ee67bdfd4e79b65c8a0b0644ffddf4326ec96,"Gasskuyy dari bang toing katanya,Ga ruda-Ho ki-Badai petir🔥🔥",DS2_kyyyy8_all,42406,1,1,accepted,ACCEPT_PROMOTION,Obfuscated gambling promotion with separated syllables 'Ga ruda-Ho ki' (Garuda Hoki) and slot reference 'Badai petir' (Zeus slot).,Section 6F (Obfuscated promotion).
DS2_042413,4839d51b8e01b39cadb440085ea419bee7606c7c20b83871e098068ce83650b9,Aku pertama depo jp diGaruda-Ho ki😚,DS2_kyyyy8_all,42412,1,1,accepted,ACCEPT_PROMOTION,Testimonial and endorsement promoting deposit and winning at Garuda Hoki. Misannotated as 0 in 1 row of DS4.,Section 6D (Testimonial/social proof).
DS2_042636,106e6f0c1a132f358d88ac23195ee67bdfd4e79b65c8a0b0644ffddf4326ec96,"Gasskuyy dari bang toing katanya,Ga ruda-Ho ki-Badai petir🔥🔥",DS2_kyyyy8_all,42635,1,1,accepted,ACCEPT_PROMOTION,Obfuscated gambling promotion with separated syllables 'Ga ruda-Ho ki' (Garuda Hoki) and slot reference 'Badai petir' (Zeus slot).,Section 6F (Obfuscated promotion).
DS2_042781,a61014e0fea5e7404105e3db0573f1733b959df6f5dcf84ce9ca989ec6bdeccb,Luan2 apa kabar ketua,DS2_kyyyy8_all,42780,0,0,accepted,ACCEPT_NON_PROMOTION,Asking about streamer LuanLuan. Misannotated as 1 in DS4.,Section 7F.
DS2_042989,564ed58067bfab7fe5812b2467edf9e09e038177636816ab7d5ad3d7228fa1ae,Seriusan bang ? Gua zonk terus nih main di situs lain 😢😂,DS2_kyyyy8_all,42988,0,NULL,review,SEND_TO_REVIEW,Ambiguous interaction: could be bot baiting for a site link or a genuine user expressing frustration in a spam thread. Sent to review queue.,Section 10 (Uncertain label).
DS2_042994,106e6f0c1a132f358d88ac23195ee67bdfd4e79b65c8a0b0644ffddf4326ec96,"Gasskuyy dari bang toing katanya,Ga ruda-Ho ki-Badai petir🔥🔥",DS2_kyyyy8_all,42993,1,1,accepted,ACCEPT_PROMOTION,Obfuscated gambling promotion with separated syllables 'Ga ruda-Ho ki' (Garuda Hoki) and slot reference 'Badai petir' (Zeus slot).,Section 6F (Obfuscated promotion).
DS2_043000,4839d51b8e01b39cadb440085ea419bee7606c7c20b83871e098068ce83650b9,Aku pertama depo jp diGaruda-Ho ki😚,DS2_kyyyy8_all,42999,1,1,accepted,ACCEPT_PROMOTION,Testimonial and endorsement promoting deposit and winning at Garuda Hoki. Misannotated as 0 in 1 row of DS4.,Section 6D (Testimonial/social proof).
DS2_043225,0658e95f5d8b42c968d509a313cefdc7f8ff4d04bbfc84d559e074480d0c6c44,Artis4D Member baru pasti jepe,DS2_kyyyy8_all,43224,1,1,accepted,ACCEPT_PROMOTION,Promotional claim and endorsement of gambling site 'Artis4D' with claim 'pasti jepe'. Misannotated as 0 in DS4.,Section 6E (Brand/site endorsement) & 6C (Promotional claim).
DS2_043361,106e6f0c1a132f358d88ac23195ee67bdfd4e79b65c8a0b0644ffddf4326ec96,"Gasskuyy dari bang toing katanya,Ga ruda-Ho ki-Badai petir🔥🔥",DS2_kyyyy8_all,43360,1,1,accepted,ACCEPT_PROMOTION,Obfuscated gambling promotion with separated syllables 'Ga ruda-Ho ki' (Garuda Hoki) and slot reference 'Badai petir' (Zeus slot).,Section 6F (Obfuscated promotion).
DS2_043367,4839d51b8e01b39cadb440085ea419bee7606c7c20b83871e098068ce83650b9,Aku pertama depo jp diGaruda-Ho ki😚,DS2_kyyyy8_all,43366,1,1,accepted,ACCEPT_PROMOTION,Testimonial and endorsement promoting deposit and winning at Garuda Hoki. Misannotated as 0 in 1 row of DS4.,Section 6D (Testimonial/social proof).
DS2_043434,7a15fd1a0c7778934ef70fef1af1b51ae242fe1dfde0938d8f183bc1cb184ab4,Hayo mana fans Yamal katanya Yamal daptkan balon dor tapi apa 🤫😁🗿😅,DS2_kyyyy8_all,43433,0,0,accepted,ACCEPT_NON_PROMOTION,Football discussion about Lamine Yamal and Ballon d'Or. Misannotated as 1 in DS4.,Section 7F.
DS2_043530,dcd72e982565da4c09242bc9df3cf9f6040d5bd445f4503523c1638b5a5884e4,Pake server Kamboja ketua biar menang terus,DS2_kyyyy8_all,43529,0,NULL,review,SEND_TO_REVIEW,Ambiguous advice referencing 'server Kamboja'. Could be streaming joke teasing or actual gambling tip. Sent to review queue.,Section 10.
DS2_043744,1b2cba256e243ee16a017352f8ac0f3893db8b1333d6fd4e251b7165eac4889a,"Sumpah.Garuda Ho ki-beneran gampang banget jepe nya, bukan sekadar iklan sampah👊",DS2_kyyyy8_all,43743,1,1,accepted,ACCEPT_PROMOTION,Testimonial and social proof endorsement for site 'Garuda Hoki' with claim 'gampang jepe'. Misannotated as 0 in DS4.,Section 6D (Testimonial/social proof).
DS2_043884,17c894dbf69be11e826aaa13263783a80c967da60a94ae16bc7d480f8c9b4bc0,"gemes banget liat ini orang main miya kyk gapunya skill 1, pencet lah pencett itu nggak cuma nyebar damage ada bonusnyaa juga meski musuh sendirian abangggg",DS2_kyyyy8_all,43883,0,0,accepted,ACCEPT_NON_PROMOTION,Mobile Legends gaming gameplay discussion regarding hero Miya. Misannotated as 1 in DS4 due to keyword 'bonus'.,Section 7E (Konteks non-judi) & Section 8 (Jangan keyword-only).
DS2_044492,33cea6c0e835e8625e0034b1e12674dfa839d44e07aa087a98a45b2c947020a0,"""Raja dari segala raja""😂😂😂",DS2_kyyyy8_all,44491,0,0,accepted,ACCEPT_NON_PROMOTION,Teasing the nickname of RRQ Mobile Legends team ('Raja dari segala raja'). Misannotated as 1 in DS4.,Section 7F (Diskusi esport).
DS2_044909,4e6fccd565d350d43b61cf10bc674b19b7c49c11f5280e49e2d1def3a9394e34,"Rrq bukan cari juara, tapi cuma cari cuan",DS2_kyyyy8_all,44908,0,0,accepted,ACCEPT_NON_PROMOTION,Criticism of RRQ esports organization commercial focus. Misannotated as 1 in DS4 due to keyword 'cuan'.,Section 7F & Section 8.
DS2_045037,22e7e30bbab6401895bcabe6b612c2d8562c05a4a9ad6c200dc3e5e789e5e01e,3:12 Rinz berpikir dia assassin tank... jalan polos banget kek player epic baru maen... 😂😂,DS2_kyyyy8_all,45036,0,0,accepted,ACCEPT_NON_PROMOTION,Mobile Legends esports/gameplay commentary about player Rinz. Misannotated as 1 in DS4.,Section 7F (Komentar biasa YouTube gaming).
DS2_045216,b8d196bd70aa875691bfc67127c3f03b54b860e789518c49ff1fb678905d7185,RRQ sudah menjadi bisnis seperti Evos jaman dulu,DS2_kyyyy8_all,45215,0,0,accepted,ACCEPT_NON_PROMOTION,Commentary on commercialization of esports organizations. Misannotated as 1 in DS4.,Section 7F.
DS2_045315,3562c24fd1504e3658770f90046b8ecfb040c6a9969cbbfcd8e2bed411f52988,"Gua dulu pernah fans RRQ jaman TUTURU.... setelah itu gua fans ONIC sampai sekarang ......... Tau sendiri kan RRQ skrg cuma bacot sama teori saja yg gede, fakta dan praktek nya nihil alias HAMPA.... 😂😂😂😂😂,  Gini kok di bilang raja dari segala raja ... Hahaha MEMEEEKKKK MEMEEEKKKK",DS2_kyyyy8_all,45314,0,0,accepted,ACCEPT_NON_PROMOTION,Long fan commentary on RRQ Tuturu vs ONIC esports. Misannotated as 1 in DS4.,Section 7F (Diskusi esport).
DS4_001347,b140e38110013eccbe03ec49e44153de079a4ae6a2b0b5f4221c0b16652b8e68,Padahal udah pada tau kunci onic itu di duo mid sama roam dan kebiasaan rrq gonta ganti pemain di mpl 😅 kocak banget gimana mau kemestri,DS4_kyyyy8_platform,1346,1,0,accepted,ACCEPT_NON_PROMOTION,Esports tactical analysis of ONIC vs RRQ in MPL. Misannotated as 1 in DS4.,Section 7F.
DS4_002038,5c4cd69d1ccc749b96cf4bde7c9c49242e36f2bcc0e87f7a80b036f20e7bd93f,"gua jg bingung, gua memang dukung RRQ tapi di Onic ada skylar dan di Evos ada albert vyn😂 jadi harus 3 nih",DS4_kyyyy8_platform,2037,1,0,accepted,ACCEPT_NON_PROMOTION,"Esports discussion about pro players Skylar, Albert, and Vyn. Misannotated as 1 in DS4.",Section 7F.
DS4_002196,2f08fdc1abc724285e72721c8509d27bec94eef185064994f4e59fc626549766,"0:56 WiFi4D bukti nyata, bukan sekadar janji.🎉",DS4_kyyyy8_platform,2195,0,1,accepted,ACCEPT_PROMOTION,Promotional spam with fake YouTube timestamp and brand endorsement for 'WiFi4D'. Misannotated as 0 in DS4.,Section 6E (Brand endorsement) & 6F (Timestamp obfuscation).
DS4_002635,366bd13942fcbdadda04233b5a5c56f059dc081c38377b55b8c818b0903e885e,Bang bikent vibes nya udah beda banget udah ga berapi api kaya dulu 😔,DS4_kyyyy8_platform,2634,1,0,accepted,ACCEPT_NON_PROMOTION,Comment directed to YouTuber Brandon Kent (Bikent). Misannotated as 1 in DS4.,Section 7F (Komentar streamer).
DS4_002636,4151a798cdb176642a09a449b94fd1b68702d1455a5c50055845c099e1e77dd0,"menang di puja""kalah di taik""in.gimna sih.",DS4_kyyyy8_platform,2635,1,0,accepted,ACCEPT_NON_PROMOTION,General moral sentiment about audience hypocrisy in sports/games. Misannotated as 1 in DS4.,Section 7F (Komentar umum).
DS4_002746,39fc8cc4625952c7433c8fb6f54d27198124f3ca806b7291f8f8be459c1af03c,Bener² udah gak niat ngonten😂 thumbnailnya udah 2jam blm di ganti² yang match 1🤣,DS4_kyyyy8_platform,2745,1,0,accepted,ACCEPT_NON_PROMOTION,Comment criticizing channel uploader for slow thumbnail update on match 1. Misannotated as 1 in DS4.,Section 7F (Komentar YouTube).
DS4_004458,b639cb19f24baf150fc9d77381a76e018494cccf9f5e002892f998342f8e9c32,Max win apa maxim,DS4_kyyyy8_platform,4457,1,0,accepted,ACCEPT_NON_PROMOTION,Wordplay pun between gambling term 'maxwin' and ride-hailing app 'Maxim'. Not promoting gambling. Misannotated as 1 in DS4.,Section 7D & 7F.
DS4_004689,83dfcf269cf1fc911d53bb28b6092694fe4791077c851dae1ca60355551e8070,Ga Ruda Ho ki-gokil banget pecah terus ga sia sia anjaay🔥,DS4_kyyyy8_platform,4688,1,1,accepted,ACCEPT_PROMOTION,Obfuscated endorsement for Garuda Hoki with claim of continuous win ('pecah terus'). Misannotated as 0 in 1 row of DS4.,Section 6D & 6F.
DS4_005156,83dfcf269cf1fc911d53bb28b6092694fe4791077c851dae1ca60355551e8070,Ga Ruda Ho ki-gokil banget pecah terus ga sia sia anjaay🔥,DS4_kyyyy8_platform,5155,1,1,accepted,ACCEPT_PROMOTION,Obfuscated endorsement for Garuda Hoki with claim of continuous win ('pecah terus'). Misannotated as 0 in 1 row of DS4.,Section 6D & 6F.
DS4_005637,4839d51b8e01b39cadb440085ea419bee7606c7c20b83871e098068ce83650b9,Aku pertama depo jp diGaruda-Ho ki😚,DS4_kyyyy8_platform,5636,1,1,accepted,ACCEPT_PROMOTION,Testimonial and endorsement promoting deposit and winning at Garuda Hoki. Misannotated as 0 in 1 row of DS4.,Section 6D (Testimonial/social proof).
DS4_005642,4839d51b8e01b39cadb440085ea419bee7606c7c20b83871e098068ce83650b9,Aku pertama depo jp diGaruda-Ho ki😚,DS4_kyyyy8_platform,5641,1,1,accepted,ACCEPT_PROMOTION,Testimonial and endorsement promoting deposit and winning at Garuda Hoki. Misannotated as 0 in 1 row of DS4.,Section 6D (Testimonial/social proof).
DS4_005873,91dc35c1440271299a9de610d9ce74bd8ce6cd33399281dba3355aaa512b42ce,Tutor Garuda bang 🗿🤌🤌,DS4_kyyyy8_platform,5872,1,0,accepted,ACCEPT_NON_PROMOTION,Viewer asking for tutorial on game hero/mechanic. Not a gambling promo. Misannotated as 1 in DS4.,Section 7E & 7F.
DS4_005976,c56bf29cc4a1aef9da527c1639033e0b507a46f15a008f8b58739fcc2e04d8ca,Bonus ketua,DS4_kyyyy8_platform,5975,1,0,accepted,ACCEPT_NON_PROMOTION,Streamer gaming community inside joke. Misannotated as 1 in DS4 due to keyword 'bonus'.,Section 7E & Section 8.
DS4_006596,0684b5ce43355ca9b12a54d777ffa09d7b7689065b0a7414c272d468d9a99a92,"Situs sampah , jp kagak Rungkat iya wkwkwk",DS4_kyyyy8_platform,6595,1,0,accepted,ACCEPT_NON_PROMOTION,"Criticism and expression of player frustration ('situs sampah, rungkat'). Does not promote gambling. Misannotated as 1 in DS4.",Section 7B (Kritik/diskusi) & 7C (Keluhan).
DS4_007108,4839d51b8e01b39cadb440085ea419bee7606c7c20b83871e098068ce83650b9,Aku pertama depo jp diGaruda-Ho ki😚,DS4_kyyyy8_platform,7107,1,1,accepted,ACCEPT_PROMOTION,Testimonial and endorsement promoting deposit and winning at Garuda Hoki. Misannotated as 0 in 1 row of DS4.,Section 6D (Testimonial/social proof).
DS4_007109,106e6f0c1a132f358d88ac23195ee67bdfd4e79b65c8a0b0644ffddf4326ec96,"Gasskuyy dari bang toing katanya,Ga ruda-Ho ki-Badai petir🔥🔥",DS4_kyyyy8_platform,7108,1,1,accepted,ACCEPT_PROMOTION,Obfuscated gambling promotion with separated syllables 'Ga ruda-Ho ki' (Garuda Hoki) and slot reference 'Badai petir' (Zeus slot).,Section 6F (Obfuscated promotion).
DS4_008080,d32c999063c867fd34869f7db0216834ca6ee4a767711b4463df2e84694eba50,"Ajak family lu aja main,kali aja JP 😂",DS4_kyyyy8_platform,8079,1,NULL,review,SEND_TO_REVIEW,Ambiguous teasing comment mentioning 'JP'. Could be sarcasm between gaming friends or gambling banter. Sent to review queue.,Section 10.
DS4_008312,4839d51b8e01b39cadb440085ea419bee7606c7c20b83871e098068ce83650b9,Aku pertama depo jp diGaruda-Ho ki😚,DS4_kyyyy8_platform,8311,1,1,accepted,ACCEPT_PROMOTION,Testimonial and endorsement promoting deposit and winning at Garuda Hoki. Misannotated as 0 in 1 row of DS4.,Section 6D (Testimonial/social proof).
DS4_008313,4839d51b8e01b39cadb440085ea419bee7606c7c20b83871e098068ce83650b9,Aku pertama depo jp diGaruda-Ho ki😚,DS4_kyyyy8_platform,8312,1,1,accepted,ACCEPT_PROMOTION,Testimonial and endorsement promoting deposit and winning at Garuda Hoki. Misannotated as 0 in 1 row of DS4.,Section 6D (Testimonial/social proof).
DS4_009130,106e6f0c1a132f358d88ac23195ee67bdfd4e79b65c8a0b0644ffddf4326ec96,"Gasskuyy dari bang toing katanya,Ga ruda-Ho ki-Badai petir🔥🔥",DS4_kyyyy8_platform,9129,1,1,accepted,ACCEPT_PROMOTION,Obfuscated gambling promotion with separated syllables 'Ga ruda-Ho ki' (Garuda Hoki) and slot reference 'Badai petir' (Zeus slot).,Section 6F (Obfuscated promotion).
DS4_009136,4839d51b8e01b39cadb440085ea419bee7606c7c20b83871e098068ce83650b9,Aku pertama depo jp diGaruda-Ho ki😚,DS4_kyyyy8_platform,9135,1,1,accepted,ACCEPT_PROMOTION,Testimonial and endorsement promoting deposit and winning at Garuda Hoki. Misannotated as 0 in 1 row of DS4.,Section 6D (Testimonial/social proof).
DS4_009483,7e8d6e02c1cbea93ef8942e96d756d0ffa8e7fdedb1d53fb415e5898556d8988,kalau mukbang paling enak sambil buka 𝐓𝐀𝐊𝐉𝐔𝐁𝟒𝐃 sudah pasti di kasih jajan sampai puas!!!,DS4_kyyyy8_platform,9482,0,1,accepted,ACCEPT_PROMOTION,Promotional CTA for gambling platform 'TAKJUB4D' with promise of bonus ('kasih jajan sampai puas'). Misannotated as 0 in DS4.,Section 6A & 6F.
DS4_009828,4839d51b8e01b39cadb440085ea419bee7606c7c20b83871e098068ce83650b9,Aku pertama depo jp diGaruda-Ho ki😚,DS4_kyyyy8_platform,9827,1,1,accepted,ACCEPT_PROMOTION,Testimonial and endorsement promoting deposit and winning at Garuda Hoki. Misannotated as 0 in 1 row of DS4.,Section 6D (Testimonial/social proof).
DS4_009833,106e6f0c1a132f358d88ac23195ee67bdfd4e79b65c8a0b0644ffddf4326ec96,"Gasskuyy dari bang toing katanya,Ga ruda-Ho ki-Badai petir🔥🔥",DS4_kyyyy8_platform,9832,1,1,accepted,ACCEPT_PROMOTION,Obfuscated gambling promotion with separated syllables 'Ga ruda-Ho ki' (Garuda Hoki) and slot reference 'Badai petir' (Zeus slot).,Section 6F (Obfuscated promotion).
DS4_009837,4839d51b8e01b39cadb440085ea419bee7606c7c20b83871e098068ce83650b9,Aku pertama depo jp diGaruda-Ho ki😚,DS4_kyyyy8_platform,9836,1,1,accepted,ACCEPT_PROMOTION,Testimonial and endorsement promoting deposit and winning at Garuda Hoki. Misannotated as 0 in 1 row of DS4.,Section 6D (Testimonial/social proof).
DS4_009908,106e6f0c1a132f358d88ac23195ee67bdfd4e79b65c8a0b0644ffddf4326ec96,"Gasskuyy dari bang toing katanya,Ga ruda-Ho ki-Badai petir🔥🔥",DS4_kyyyy8_platform,9907,1,1,accepted,ACCEPT_PROMOTION,Obfuscated gambling promotion with separated syllables 'Ga ruda-Ho ki' (Garuda Hoki) and slot reference 'Badai petir' (Zeus slot).,Section 6F (Obfuscated promotion).
DS4_009913,4839d51b8e01b39cadb440085ea419bee7606c7c20b83871e098068ce83650b9,Aku pertama depo jp diGaruda-Ho ki😚,DS4_kyyyy8_platform,9912,1,1,accepted,ACCEPT_PROMOTION,Testimonial and endorsement promoting deposit and winning at Garuda Hoki. Misannotated as 0 in 1 row of DS4.,Section 6D (Testimonial/social proof).
DS4_009994,83dfcf269cf1fc911d53bb28b6092694fe4791077c851dae1ca60355551e8070,Ga Ruda Ho ki-gokil banget pecah terus ga sia sia anjaay🔥,DS4_kyyyy8_platform,9993,1,1,accepted,ACCEPT_PROMOTION,Obfuscated endorsement for Garuda Hoki with claim of continuous win ('pecah terus'). Misannotated as 0 in 1 row of DS4.,Section 6D & 6F.
DS4_010130,106e6f0c1a132f358d88ac23195ee67bdfd4e79b65c8a0b0644ffddf4326ec96,"Gasskuyy dari bang toing katanya,Ga ruda-Ho ki-Badai petir🔥🔥",DS4_kyyyy8_platform,10129,1,1,accepted,ACCEPT_PROMOTION,Obfuscated gambling promotion with separated syllables 'Ga ruda-Ho ki' (Garuda Hoki) and slot reference 'Badai petir' (Zeus slot).,Section 6F (Obfuscated promotion).
DS4_010135,4839d51b8e01b39cadb440085ea419bee7606c7c20b83871e098068ce83650b9,Aku pertama depo jp diGaruda-Ho ki😚,DS4_kyyyy8_platform,10134,1,1,accepted,ACCEPT_PROMOTION,Testimonial and endorsement promoting deposit and winning at Garuda Hoki. Misannotated as 0 in 1 row of DS4.,Section 6D (Testimonial/social proof).
DS4_010315,4839d51b8e01b39cadb440085ea419bee7606c7c20b83871e098068ce83650b9,Aku pertama depo jp diGaruda-Ho ki😚,DS4_kyyyy8_platform,10314,1,1,accepted,ACCEPT_PROMOTION,Testimonial and endorsement promoting deposit and winning at Garuda Hoki. Misannotated as 0 in 1 row of DS4.,Section 6D (Testimonial/social proof).
DS4_010855,4839d51b8e01b39cadb440085ea419bee7606c7c20b83871e098068ce83650b9,Aku pertama depo jp diGaruda-Ho ki😚,DS4_kyyyy8_platform,10854,1,1,accepted,ACCEPT_PROMOTION,Testimonial and endorsement promoting deposit and winning at Garuda Hoki. Misannotated as 0 in 1 row of DS4.,Section 6D (Testimonial/social proof).
DS4_010862,106e6f0c1a132f358d88ac23195ee67bdfd4e79b65c8a0b0644ffddf4326ec96,"Gasskuyy dari bang toing katanya,Ga ruda-Ho ki-Badai petir🔥🔥",DS4_kyyyy8_platform,10861,1,1,accepted,ACCEPT_PROMOTION,Obfuscated gambling promotion with separated syllables 'Ga ruda-Ho ki' (Garuda Hoki) and slot reference 'Badai petir' (Zeus slot).,Section 6F (Obfuscated promotion).
DS4_011110,7e85f641248e23c542b906754ffcdc84b983786c5a8b5895c0d90be56cbc5e45,Kalau seperti itu pasti ga bakalan kalah dong 🍭𝑺𝑬𝑵𝑫𝑨𝑳4𝑫🍭,DS4_kyyyy8_platform,11109,0,1,accepted,ACCEPT_PROMOTION,Promotional endorsement for gambling site 'SENDAL4D' using mathematical italic unicode font. Misannotated as 0 in DS4.,Section 6E & 6F.
DS4_011482,de128e0f2e6f6facb211bafd4eb93d451b3f85483df0b67db1e98e994bc4b38b,Terpercaya dan proses paling cepat memang di ourastoree,DS4_kyyyy8_platform,11481,1,0,accepted,ACCEPT_NON_PROMOTION,"Endorsement for authorized Mobile Legends game top-up diamond store ('ourastoree' owned by streamer Oura Eko), not online gambling. Misannotated as 1 in DS4.",Section 7E (Konteks non-judi).
DS4_012722,9620190186625d3fbc83b4c196dc627f5673f085c68ec72d33ec562325bd9856,wadaw BERKAH99,DS4_kyyyy8_platform,12721,0,1,accepted,ACCEPT_PROMOTION,Brand mention/shoutout for gambling site 'BERKAH99'. Misannotated as 0 in DS4.,Section 6E.
DS4_013290,82310c95d83e747f28fee7892b9a0f51193f26a6b20ea574e589e7c3a8aedda1,"Memang palua ⚡  Vyn Uciha gak mainin rendy aneh banget, sibuk doang gonta ganti pemain, pemai",DS4_kyyyy8_platform,13289,1,0,accepted,ACCEPT_NON_PROMOTION,Esports critique regarding MLBB pro player Vyn. Misannotated as 1 in DS4.,Section 7F.
DS4_013585,f3dfc7a02d39d880ec0d166c1323a90863a98894acc296dba2ea4b8505a6944a,Evos bak to kandang kucing,DS4_kyyyy8_platform,13584,1,0,accepted,ACCEPT_NON_PROMOTION,Esports banter mocking team EVOS. Misannotated as 1 in DS4.,Section 7F.
DS4_013618,2f3032ba7f8a13b2d129c0e460917cb8d4320863775bf16e398ca6ecf5a46373,Dari semua mantan player tevos si max paling besar mulut exp masa depan lawan rrq udah telor gmna lawan raja terakhir onic,DS4_kyyyy8_platform,13617,1,0,accepted,ACCEPT_NON_PROMOTION,"Esports banter regarding Mobile Legends team EVOS, RRQ, and ONIC. Misannotated as 1 in DS4.",Section 7F (Diskusi esports non-judi).
DS4_013628,0c22cbf842689f8aad5dab4ac6cea4a800b66ab44107f00733e80701f3dacbd2,"Tul,bener"" menghibur banget beliau beliau ini,apalagi max,",DS4_kyyyy8_platform,13627,1,0,accepted,ACCEPT_NON_PROMOTION,General entertainment comment on a YouTube gaming/streaming video. No gambling relation. Misannotated as 1 in DS4.,Section 7F (Komentar biasa YouTube).
DS4_013659,920d20ec19ea66b695fc823ee93653463887dc9328245113a130b2ad7b6f1a29,Lucu banget 😂😂😂,DS4_kyyyy8_platform,13658,1,0,accepted,ACCEPT_NON_PROMOTION,Standard humorous reaction to YouTube video. Misannotated as 1 in DS4.,Section 7F.
DS4_013823,25f6a5ccefc26edf09548d60cdb61320933761829922e4cd814fcd120c9a6f4e,"😂😂😂si kecil aktif gitu co bisa aja pascol ngundang orang""",DS4_kyyyy8_platform,13822,1,0,accepted,ACCEPT_NON_PROMOTION,Viewer reaction to streamer Pascol video content. Misannotated as 1 in DS4.,Section 7F (Komentar umum).
DS4_013986,83dfcf269cf1fc911d53bb28b6092694fe4791077c851dae1ca60355551e8070,Ga Ruda Ho ki-gokil banget pecah terus ga sia sia anjaay🔥,DS4_kyyyy8_platform,13985,0,1,accepted,ACCEPT_PROMOTION,Obfuscated endorsement for Garuda Hoki with claim of continuous win ('pecah terus'). Misannotated as 0 in 1 row of DS4.,Section 6D & 6F.
DS4_014006,4839d51b8e01b39cadb440085ea419bee7606c7c20b83871e098068ce83650b9,Aku pertama depo jp diGaruda-Ho ki😚,DS4_kyyyy8_platform,14005,0,1,accepted,ACCEPT_PROMOTION,Testimonial and endorsement promoting deposit and winning at Garuda Hoki. Misannotated as 0 in 1 row of DS4.,Section 6D (Testimonial/social proof).
DS4_014008,106e6f0c1a132f358d88ac23195ee67bdfd4e79b65c8a0b0644ffddf4326ec96,"Gasskuyy dari bang toing katanya,Ga ruda-Ho ki-Badai petir🔥🔥",DS4_kyyyy8_platform,14007,1,1,accepted,ACCEPT_PROMOTION,Obfuscated gambling promotion with separated syllables 'Ga ruda-Ho ki' (Garuda Hoki) and slot reference 'Badai petir' (Zeus slot).,Section 6F (Obfuscated promotion).
DS4_014009,4839d51b8e01b39cadb440085ea419bee7606c7c20b83871e098068ce83650b9,Aku pertama depo jp diGaruda-Ho ki😚,DS4_kyyyy8_platform,14008,1,1,accepted,ACCEPT_PROMOTION,Testimonial and endorsement promoting deposit and winning at Garuda Hoki. Misannotated as 0 in 1 row of DS4.,Section 6D (Testimonial/social proof).
DS4_014148,f501add0f96e56faa4cfa568546326602caf68791359ec9f1e21921f1fed98da,Ketua aku bangun tidur dituduh selingkuh tanpa ada leher😂😂😂,DS4_kyyyy8_platform,14147,1,0,accepted,ACCEPT_NON_PROMOTION,Humorous viewer comment in livestream. Misannotated as 1 in DS4.,Section 7F.
DS4_014249,508766945fb68d23d4268016a18da0904d7d17cbbeb77bb8fe585e654c4691d8,Selalu menghibur ketua naga hitam yang satu ini,DS4_kyyyy8_platform,14248,1,0,accepted,ACCEPT_NON_PROMOTION,Fan comment appreciating video creator/streamer. Misannotated as 1 in DS4.,Section 7F.
DS4_014319,106e6f0c1a132f358d88ac23195ee67bdfd4e79b65c8a0b0644ffddf4326ec96,"Gasskuyy dari bang toing katanya,Ga ruda-Ho ki-Badai petir🔥🔥",DS4_kyyyy8_platform,14318,1,1,accepted,ACCEPT_PROMOTION,Obfuscated gambling promotion with separated syllables 'Ga ruda-Ho ki' (Garuda Hoki) and slot reference 'Badai petir' (Zeus slot).,Section 6F (Obfuscated promotion).
DS4_014326,4839d51b8e01b39cadb440085ea419bee7606c7c20b83871e098068ce83650b9,Aku pertama depo jp diGaruda-Ho ki😚,DS4_kyyyy8_platform,14325,1,1,accepted,ACCEPT_PROMOTION,Testimonial and endorsement promoting deposit and winning at Garuda Hoki. Misannotated as 0 in 1 row of DS4.,Section 6D (Testimonial/social proof).
DS4_014767,31b947415c637551885cf446fd78f3c3a36fedcc540a3ede54e9975b8a47f5e1,Hama puki,DS4_kyyyy8_platform,14766,1,0,accepted,ACCEPT_NON_PROMOTION,Profanity/toxic banter from gaming audience. Contains no gambling promotion. Misannotated as 1 in DS4.,Section 7F (Komentar umum non-judi).
DS4_014800,93c456527202a52c7984e51a1783edcb694295aeb2d30df9f6f53d80f9f91738,Review hero baru yg tolol cuma pascol,DS4_kyyyy8_platform,14799,1,0,accepted,ACCEPT_NON_PROMOTION,Critique of streamer Pascol reviewing a new ML hero. Misannotated as 1 in DS4.,Section 7F.
DS4_014837,e257c34ce86b30695785972364eaf76f5d4810385da7e2797596a40a56df9137,Wkwk awal season udah push aj lu col,DS4_kyyyy8_platform,14836,1,0,accepted,ACCEPT_NON_PROMOTION,Chat remark to streamer Pascol about early season rank pushing in Mobile Legends. Misannotated as 1 in DS4.,Section 7F.
DS4_014853,8bae5ab533042ec460f874db394cfeb8a0225cb0a892ff97bc63b568764ba770,Jangan di paksa maju di keroyok juga kalah,DS4_kyyyy8_platform,14852,1,0,accepted,ACCEPT_NON_PROMOTION,Advice on in-game team fight tactical movement. Misannotated as 1 in DS4.,Section 7F.
DS4_014933,106e6f0c1a132f358d88ac23195ee67bdfd4e79b65c8a0b0644ffddf4326ec96,"Gasskuyy dari bang toing katanya,Ga ruda-Ho ki-Badai petir🔥🔥",DS4_kyyyy8_platform,14932,1,1,accepted,ACCEPT_PROMOTION,Obfuscated gambling promotion with separated syllables 'Ga ruda-Ho ki' (Garuda Hoki) and slot reference 'Badai petir' (Zeus slot).,Section 6F (Obfuscated promotion).
DS4_014940,4839d51b8e01b39cadb440085ea419bee7606c7c20b83871e098068ce83650b9,Aku pertama depo jp diGaruda-Ho ki😚,DS4_kyyyy8_platform,14939,1,1,accepted,ACCEPT_PROMOTION,Testimonial and endorsement promoting deposit and winning at Garuda Hoki. Misannotated as 0 in 1 row of DS4.,Section 6D (Testimonial/social proof).
DS4_015137,684fc940c3f8bee9e5777a0cdbac8ca1746d7df212fe7a276f5d6bc44a79e561,"min, tumben skrng upload video keratua kok gak pake efek editan",DS4_kyyyy8_platform,15136,1,0,accepted,ACCEPT_NON_PROMOTION,Audience question to YouTube channel admin regarding video editing effects. Misannotated as 1 in DS4.,Section 7F.
DS4_015231,6aaca6fc4dac4b07aff7ca81a9d263016ef0a28e121b9017bc773ed8025464ad,Niatnya beli lc buat dibully ini malah labi labi yg kena buly🤣,DS4_kyyyy8_platform,15230,1,0,accepted,ACCEPT_NON_PROMOTION,Gaming stream joke. Misannotated as 1 in DS4.,Section 7F.
DS4_015243,68898410fa42ec29b7cd526805d8501a6481e325375b75417c6f4f56123073df,Liat notifnya aj udh ngakak,DS4_kyyyy8_platform,15242,1,0,accepted,ACCEPT_NON_PROMOTION,Reaction to YouTube video notification. Misannotated as 1 in DS4.,Section 7F.
DS4_015396,a3c25df2d8066d4a731809193271544e50e1dcd4420340220f54e5fb4653d691,Sejak lu sukses besar gak ada lagi kuliat kau ngajak kak Luan Mabar ya col,DS4_kyyyy8_platform,15395,1,0,accepted,ACCEPT_NON_PROMOTION,Personal remark to streamer Pascol about playing games with LuanLuan. Misannotated as 1 in DS4.,Section 7F.
DS4_015410,dfe98bb0957da202e7d50dcc0b4dbf6bcd091c024d886f4c3989453bf1ee51ac,Jadi apa masalahnya setiap orang ada urusan masing-masing,DS4_kyyyy8_platform,15409,1,0,accepted,ACCEPT_NON_PROMOTION,General audience comment about personal boundaries. Misannotated as 1 in DS4.,Section 7F.
DS4_015684,b789024a4d2e0d570ae468c4f6f40cf2ed6abad3a4f1dbd2ef139fdd7b4f2576,"Apalah marah mulu, udah gitu nafsu",DS4_kyyyy8_platform,15683,1,0,accepted,ACCEPT_NON_PROMOTION,Reaction to streamer gaming rage behavior. Misannotated as 1 in DS4.,Section 7F.
DS4_015717,106e6f0c1a132f358d88ac23195ee67bdfd4e79b65c8a0b0644ffddf4326ec96,"Gasskuyy dari bang toing katanya,Ga ruda-Ho ki-Badai petir🔥🔥",DS4_kyyyy8_platform,15716,1,1,accepted,ACCEPT_PROMOTION,Obfuscated gambling promotion with separated syllables 'Ga ruda-Ho ki' (Garuda Hoki) and slot reference 'Badai petir' (Zeus slot).,Section 6F (Obfuscated promotion).
DS4_015723,4839d51b8e01b39cadb440085ea419bee7606c7c20b83871e098068ce83650b9,Aku pertama depo jp diGaruda-Ho ki😚,DS4_kyyyy8_platform,15722,1,1,accepted,ACCEPT_PROMOTION,Testimonial and endorsement promoting deposit and winning at Garuda Hoki. Misannotated as 0 in 1 row of DS4.,Section 6D (Testimonial/social proof).
DS4_015946,106e6f0c1a132f358d88ac23195ee67bdfd4e79b65c8a0b0644ffddf4326ec96,"Gasskuyy dari bang toing katanya,Ga ruda-Ho ki-Badai petir🔥🔥",DS4_kyyyy8_platform,15945,1,1,accepted,ACCEPT_PROMOTION,Obfuscated gambling promotion with separated syllables 'Ga ruda-Ho ki' (Garuda Hoki) and slot reference 'Badai petir' (Zeus slot).,Section 6F (Obfuscated promotion).
DS4_016091,a61014e0fea5e7404105e3db0573f1733b959df6f5dcf84ce9ca989ec6bdeccb,Luan2 apa kabar ketua,DS4_kyyyy8_platform,16090,1,0,accepted,ACCEPT_NON_PROMOTION,Asking about streamer LuanLuan. Misannotated as 1 in DS4.,Section 7F.
DS4_016299,564ed58067bfab7fe5812b2467edf9e09e038177636816ab7d5ad3d7228fa1ae,Seriusan bang ? Gua zonk terus nih main di situs lain 😢😂,DS4_kyyyy8_platform,16298,1,NULL,review,SEND_TO_REVIEW,Ambiguous interaction: could be bot baiting for a site link or a genuine user expressing frustration in a spam thread. Sent to review queue.,Section 10 (Uncertain label).
DS4_016304,106e6f0c1a132f358d88ac23195ee67bdfd4e79b65c8a0b0644ffddf4326ec96,"Gasskuyy dari bang toing katanya,Ga ruda-Ho ki-Badai petir🔥🔥",DS4_kyyyy8_platform,16303,1,1,accepted,ACCEPT_PROMOTION,Obfuscated gambling promotion with separated syllables 'Ga ruda-Ho ki' (Garuda Hoki) and slot reference 'Badai petir' (Zeus slot).,Section 6F (Obfuscated promotion).
DS4_016310,4839d51b8e01b39cadb440085ea419bee7606c7c20b83871e098068ce83650b9,Aku pertama depo jp diGaruda-Ho ki😚,DS4_kyyyy8_platform,16309,1,1,accepted,ACCEPT_PROMOTION,Testimonial and endorsement promoting deposit and winning at Garuda Hoki. Misannotated as 0 in 1 row of DS4.,Section 6D (Testimonial/social proof).
DS4_016535,0658e95f5d8b42c968d509a313cefdc7f8ff4d04bbfc84d559e074480d0c6c44,Artis4D Member baru pasti jepe,DS4_kyyyy8_platform,16534,0,1,accepted,ACCEPT_PROMOTION,Promotional claim and endorsement of gambling site 'Artis4D' with claim 'pasti jepe'. Misannotated as 0 in DS4.,Section 6E (Brand/site endorsement) & 6C (Promotional claim).
DS4_016671,106e6f0c1a132f358d88ac23195ee67bdfd4e79b65c8a0b0644ffddf4326ec96,"Gasskuyy dari bang toing katanya,Ga ruda-Ho ki-Badai petir🔥🔥",DS4_kyyyy8_platform,16670,0,1,accepted,ACCEPT_PROMOTION,Obfuscated gambling promotion with separated syllables 'Ga ruda-Ho ki' (Garuda Hoki) and slot reference 'Badai petir' (Zeus slot).,Section 6F (Obfuscated promotion).
DS4_016677,4839d51b8e01b39cadb440085ea419bee7606c7c20b83871e098068ce83650b9,Aku pertama depo jp diGaruda-Ho ki😚,DS4_kyyyy8_platform,16676,1,1,accepted,ACCEPT_PROMOTION,Testimonial and endorsement promoting deposit and winning at Garuda Hoki. Misannotated as 0 in 1 row of DS4.,Section 6D (Testimonial/social proof).
DS4_016744,7a15fd1a0c7778934ef70fef1af1b51ae242fe1dfde0938d8f183bc1cb184ab4,Hayo mana fans Yamal katanya Yamal daptkan balon dor tapi apa 🤫😁🗿😅,DS4_kyyyy8_platform,16743,1,0,accepted,ACCEPT_NON_PROMOTION,Football discussion about Lamine Yamal and Ballon d'Or. Misannotated as 1 in DS4.,Section 7F.
DS4_016840,dcd72e982565da4c09242bc9df3cf9f6040d5bd445f4503523c1638b5a5884e4,Pake server Kamboja ketua biar menang terus,DS4_kyyyy8_platform,16839,1,NULL,review,SEND_TO_REVIEW,Ambiguous advice referencing 'server Kamboja'. Could be streaming joke teasing or actual gambling tip. Sent to review queue.,Section 10.
DS4_017054,1b2cba256e243ee16a017352f8ac0f3893db8b1333d6fd4e251b7165eac4889a,"Sumpah.Garuda Ho ki-beneran gampang banget jepe nya, bukan sekadar iklan sampah👊",DS4_kyyyy8_platform,17053,0,1,accepted,ACCEPT_PROMOTION,Testimonial and social proof endorsement for site 'Garuda Hoki' with claim 'gampang jepe'. Misannotated as 0 in DS4.,Section 6D (Testimonial/social proof).
DS4_017194,17c894dbf69be11e826aaa13263783a80c967da60a94ae16bc7d480f8c9b4bc0,"gemes banget liat ini orang main miya kyk gapunya skill 1, pencet lah pencett itu nggak cuma nyebar damage ada bonusnyaa juga meski musuh sendirian abangggg",DS4_kyyyy8_platform,17193,1,0,accepted,ACCEPT_NON_PROMOTION,Mobile Legends gaming gameplay discussion regarding hero Miya. Misannotated as 1 in DS4 due to keyword 'bonus'.,Section 7E (Konteks non-judi) & Section 8 (Jangan keyword-only).
DS4_017802,33cea6c0e835e8625e0034b1e12674dfa839d44e07aa087a98a45b2c947020a0,"""Raja dari segala raja""😂😂😂",DS4_kyyyy8_platform,17801,1,0,accepted,ACCEPT_NON_PROMOTION,Teasing the nickname of RRQ Mobile Legends team ('Raja dari segala raja'). Misannotated as 1 in DS4.,Section 7F (Diskusi esport).
DS4_018219,4e6fccd565d350d43b61cf10bc674b19b7c49c11f5280e49e2d1def3a9394e34,"Rrq bukan cari juara, tapi cuma cari cuan",DS4_kyyyy8_platform,18218,1,0,accepted,ACCEPT_NON_PROMOTION,Criticism of RRQ esports organization commercial focus. Misannotated as 1 in DS4 due to keyword 'cuan'.,Section 7F & Section 8.
DS4_018347,22e7e30bbab6401895bcabe6b612c2d8562c05a4a9ad6c200dc3e5e789e5e01e,3:12 Rinz berpikir dia assassin tank... jalan polos banget kek player epic baru maen... 😂😂,DS4_kyyyy8_platform,18346,1,0,accepted,ACCEPT_NON_PROMOTION,Mobile Legends esports/gameplay commentary about player Rinz. Misannotated as 1 in DS4.,Section 7F (Komentar biasa YouTube gaming).
DS4_018526,b8d196bd70aa875691bfc67127c3f03b54b860e789518c49ff1fb678905d7185,RRQ sudah menjadi bisnis seperti Evos jaman dulu,DS4_kyyyy8_platform,18525,1,0,accepted,ACCEPT_NON_PROMOTION,Commentary on commercialization of esports organizations. Misannotated as 1 in DS4.,Section 7F.
DS4_018625,3562c24fd1504e3658770f90046b8ecfb040c6a9969cbbfcd8e2bed411f52988,"Gua dulu pernah fans RRQ jaman TUTURU.... setelah itu gua fans ONIC sampai sekarang ......... Tau sendiri kan RRQ skrg cuma bacot sama teori saja yg gede, fakta dan praktek nya nihil alias HAMPA.... 😂😂😂😂😂,  Gini kok di bilang raja dari segala raja ... Hahaha MEMEEEKKKK MEMEEEKKKK",DS4_kyyyy8_platform,18624,1,0,accepted,ACCEPT_NON_PROMOTION,Long fan commentary on RRQ Tuturu vs ONIC esports. Misannotated as 1 in DS4.,Section 7F (Diskusi esport).
DS5_000033,b7010855c77b5cb9ce7724c1c34909257a219f7d1032fe113a4d63a16d920292,Sangat keren! Meraih kemenangan besar di ambil4d langsung berlibur ke luar negeri!,DS5_ferdiansakti,32,1,1,accepted,ACCEPT_PROMOTION,Fabricated bot testimonial promoting site 'ambil4d'. Internal duplicate conflict in DS5 resolved to 1.,Section 6D.
DS5_000227,b7010855c77b5cb9ce7724c1c34909257a219f7d1032fe113a4d63a16d920292,Sangat keren! Meraih kemenangan besar di ambil4d langsung berlibur ke luar negeri!,DS5_ferdiansakti,226,1,1,accepted,ACCEPT_PROMOTION,Fabricated bot testimonial promoting site 'ambil4d'. Internal duplicate conflict in DS5 resolved to 1.,Section 6D.
DS5_000237,b7010855c77b5cb9ce7724c1c34909257a219f7d1032fe113a4d63a16d920292,Sangat keren! Meraih kemenangan besar di ambil4d langsung berlibur ke luar negeri!,DS5_ferdiansakti,236,1,1,accepted,ACCEPT_PROMOTION,Fabricated bot testimonial promoting site 'ambil4d'. Internal duplicate conflict in DS5 resolved to 1.,Section 6D.
DS5_000353,b7010855c77b5cb9ce7724c1c34909257a219f7d1032fe113a4d63a16d920292,Sangat keren! Meraih kemenangan besar di ambil4d langsung berlibur ke luar negeri!,DS5_ferdiansakti,352,1,1,accepted,ACCEPT_PROMOTION,Fabricated bot testimonial promoting site 'ambil4d'. Internal duplicate conflict in DS5 resolved to 1.,Section 6D.
DS5_001124,b7010855c77b5cb9ce7724c1c34909257a219f7d1032fe113a4d63a16d920292,Sangat keren! Meraih kemenangan besar di ambil4d langsung berlibur ke luar negeri!,DS5_ferdiansakti,1123,1,1,accepted,ACCEPT_PROMOTION,Fabricated bot testimonial promoting site 'ambil4d'. Internal duplicate conflict in DS5 resolved to 1.,Section 6D.
DS5_002169,b7010855c77b5cb9ce7724c1c34909257a219f7d1032fe113a4d63a16d920292,Sangat keren! Meraih kemenangan besar di ambil4d langsung berlibur ke luar negeri!,DS5_ferdiansakti,2168,0,1,accepted,ACCEPT_PROMOTION,Fabricated bot testimonial promoting site 'ambil4d'. Internal duplicate conflict in DS5 resolved to 1.,Section 6D.
DS5_002615,50150cfcc4f2639b71b529ea3b7118830a67c2cb5f34c5f5c2df5a390e3e82e1,Keberuntungan saya bener-bener gacir di T O K E 6 9 nggak nyangka!,DS5_ferdiansakti,2614,1,1,accepted,ACCEPT_PROMOTION,Obfuscated endorsement with spaced characters 'T O K E 6 9' (Toke69) and promotional claim 'gacir'.,Section 6D & 6F.
DS5_002617,50150cfcc4f2639b71b529ea3b7118830a67c2cb5f34c5f5c2df5a390e3e82e1,Keberuntungan saya bener-bener gacir di T O K E 6 9 nggak nyangka!,DS5_ferdiansakti,2616,0,1,accepted,ACCEPT_PROMOTION,Obfuscated endorsement with spaced characters 'T O K E 6 9' (Toke69) and promotional claim 'gacir'.,Section 6D & 6F.
DS5_003756,b7010855c77b5cb9ce7724c1c34909257a219f7d1032fe113a4d63a16d920292,Sangat keren! Meraih kemenangan besar di ambil4d langsung berlibur ke luar negeri!,DS5_ferdiansakti,3755,1,1,accepted,ACCEPT_PROMOTION,Fabricated bot testimonial promoting site 'ambil4d'. Internal duplicate conflict in DS5 resolved to 1.,Section 6D.
DS5_003886,b7010855c77b5cb9ce7724c1c34909257a219f7d1032fe113a4d63a16d920292,Sangat keren! Meraih kemenangan besar di ambil4d langsung berlibur ke luar negeri!,DS5_ferdiansakti,3885,1,1,accepted,ACCEPT_PROMOTION,Fabricated bot testimonial promoting site 'ambil4d'. Internal duplicate conflict in DS5 resolved to 1.,Section 6D.
DS5_004054,b7010855c77b5cb9ce7724c1c34909257a219f7d1032fe113a4d63a16d920292,Sangat keren! Meraih kemenangan besar di ambil4d langsung berlibur ke luar negeri!,DS5_ferdiansakti,4053,1,1,accepted,ACCEPT_PROMOTION,Fabricated bot testimonial promoting site 'ambil4d'. Internal duplicate conflict in DS5 resolved to 1.,Section 6D.
DS5_004075,b7010855c77b5cb9ce7724c1c34909257a219f7d1032fe113a4d63a16d920292,Sangat keren! Meraih kemenangan besar di ambil4d langsung berlibur ke luar negeri!,DS5_ferdiansakti,4074,1,1,accepted,ACCEPT_PROMOTION,Fabricated bot testimonial promoting site 'ambil4d'. Internal duplicate conflict in DS5 resolved to 1.,Section 6D.
