exact_hash,text_raw,datasets_present,source_record_count,source_labels,cross_dataset_conflict,within_dataset_conflict,global_conflict,canonical_label,label_status,adjudication_decision,adjudication_reason,adjudication_note
0658e95f5d8b42c968d509a313cefdc7f8ff4d04bbfc84d559e074480d0c6c44,Artis4D Member baru pasti jepe,DS2_kyyyy8_all;DS4_kyyyy8_platform,2,DS2_kyyyy8_all:1;DS4_kyyyy8_platform:0,True,False,True,1.0,accepted,ACCEPT_PROMOTION,Promotional claim and endorsement of gambling site 'Artis4D' with claim 'pasti jepe'. Misannotated as 0 in DS4.,Section 6E (Brand/site endorsement) & 6C (Promotional claim).
0684b5ce43355ca9b12a54d777ffa09d7b7689065b0a7414c272d468d9a99a92,"Situs sampah , jp kagak Rungkat iya wkwkwk",DS2_kyyyy8_all;DS4_kyyyy8_platform,2,DS2_kyyyy8_all:0;DS4_kyyyy8_platform:1,True,False,True,0.0,accepted,ACCEPT_NON_PROMOTION,"Criticism and expression of player frustration ('situs sampah, rungkat'). Does not promote gambling. Misannotated as 1 in DS4.",Section 7B (Kritik/diskusi) & 7C (Keluhan).
0c22cbf842689f8aad5dab4ac6cea4a800b66ab44107f00733e80701f3dacbd2,"Tul,bener"" menghibur banget beliau beliau ini,apalagi max,",DS2_kyyyy8_all;DS4_kyyyy8_platform,2,DS2_kyyyy8_all:0;DS4_kyyyy8_platform:1,True,False,True,0.0,accepted,ACCEPT_NON_PROMOTION,General entertainment comment on a YouTube gaming/streaming video. No gambling relation. Misannotated as 1 in DS4.,Section 7F (Komentar biasa YouTube).
106e6f0c1a132f358d88ac23195ee67bdfd4e79b65c8a0b0644ffddf4326ec96,"Gasskuyy dari bang toing katanya,Ga ruda-Ho ki-Badai petir🔥🔥",DS1_fahruu;DS2_kyyyy8_all;DS4_kyyyy8_platform,27,"DS1_fahruu:1;DS2_kyyyy8_all:1;DS4_kyyyy8_platform:0,1",True,True,True,1.0,accepted,ACCEPT_PROMOTION,Obfuscated gambling promotion with separated syllables 'Ga ruda-Ho ki' (Garuda Hoki) and slot reference 'Badai petir' (Zeus slot).,Section 6F (Obfuscated promotion).
17c894dbf69be11e826aaa13263783a80c967da60a94ae16bc7d480f8c9b4bc0,"gemes banget liat ini orang main miya kyk gapunya skill 1, pencet lah pencett itu nggak cuma nyebar damage ada bonusnyaa juga meski musuh sendirian abangggg",DS2_kyyyy8_all;DS4_kyyyy8_platform,2,DS2_kyyyy8_all:0;DS4_kyyyy8_platform:1,True,False,True,0.0,accepted,ACCEPT_NON_PROMOTION,Mobile Legends gaming gameplay discussion regarding hero Miya. Misannotated as 1 in DS4 due to keyword 'bonus'.,Section 7E (Konteks non-judi) & Section 8 (Jangan keyword-only).
1b2cba256e243ee16a017352f8ac0f3893db8b1333d6fd4e251b7165eac4889a,"Sumpah.Garuda Ho ki-beneran gampang banget jepe nya, bukan sekadar iklan sampah👊",DS2_kyyyy8_all;DS4_kyyyy8_platform,2,DS2_kyyyy8_all:1;DS4_kyyyy8_platform:0,True,False,True,1.0,accepted,ACCEPT_PROMOTION,Testimonial and social proof endorsement for site 'Garuda Hoki' with claim 'gampang jepe'. Misannotated as 0 in DS4.,Section 6D (Testimonial/social proof).
22e7e30bbab6401895bcabe6b612c2d8562c05a4a9ad6c200dc3e5e789e5e01e,3:12 Rinz berpikir dia assassin tank... jalan polos banget kek player epic baru maen... 😂😂,DS2_kyyyy8_all;DS4_kyyyy8_platform,2,DS2_kyyyy8_all:0;DS4_kyyyy8_platform:1,True,False,True,0.0,accepted,ACCEPT_NON_PROMOTION,Mobile Legends esports/gameplay commentary about player Rinz. Misannotated as 1 in DS4.,Section 7F (Komentar biasa YouTube gaming).
25f6a5ccefc26edf09548d60cdb61320933761829922e4cd814fcd120c9a6f4e,"😂😂😂si kecil aktif gitu co bisa aja pascol ngundang orang""",DS2_kyyyy8_all;DS4_kyyyy8_platform,2,DS2_kyyyy8_all:0;DS4_kyyyy8_platform:1,True,False,True,0.0,accepted,ACCEPT_NON_PROMOTION,Viewer reaction to streamer Pascol video content. Misannotated as 1 in DS4.,Section 7F (Komentar umum).
2f08fdc1abc724285e72721c8509d27bec94eef185064994f4e59fc626549766,"0:56 WiFi4D bukti nyata, bukan sekadar janji.🎉",DS2_kyyyy8_all;DS4_kyyyy8_platform,2,DS2_kyyyy8_all:1;DS4_kyyyy8_platform:0,True,False,True,1.0,accepted,ACCEPT_PROMOTION,Promotional spam with fake YouTube timestamp and brand endorsement for 'WiFi4D'. Misannotated as 0 in DS4.,Section 6E (Brand endorsement) & 6F (Timestamp obfuscation).
2f3032ba7f8a13b2d129c0e460917cb8d4320863775bf16e398ca6ecf5a46373,Dari semua mantan player tevos si max paling besar mulut exp masa depan lawan rrq udah telor gmna lawan raja terakhir onic,DS2_kyyyy8_all;DS4_kyyyy8_platform,2,DS2_kyyyy8_all:0;DS4_kyyyy8_platform:1,True,False,True,0.0,accepted,ACCEPT_NON_PROMOTION,"Esports banter regarding Mobile Legends team EVOS, RRQ, and ONIC. Misannotated as 1 in DS4.",Section 7F (Diskusi esports non-judi).
31b947415c637551885cf446fd78f3c3a36fedcc540a3ede54e9975b8a47f5e1,Hama puki,DS2_kyyyy8_all;DS4_kyyyy8_platform,2,DS2_kyyyy8_all:0;DS4_kyyyy8_platform:1,True,False,True,0.0,accepted,ACCEPT_NON_PROMOTION,Profanity/toxic banter from gaming audience. Contains no gambling promotion. Misannotated as 1 in DS4.,Section 7F (Komentar umum non-judi).
33cea6c0e835e8625e0034b1e12674dfa839d44e07aa087a98a45b2c947020a0,"""Raja dari segala raja""😂😂😂",DS2_kyyyy8_all;DS4_kyyyy8_platform,2,DS2_kyyyy8_all:0;DS4_kyyyy8_platform:1,True,False,True,0.0,accepted,ACCEPT_NON_PROMOTION,Teasing the nickname of RRQ Mobile Legends team ('Raja dari segala raja'). Misannotated as 1 in DS4.,Section 7F (Diskusi esport).
3562c24fd1504e3658770f90046b8ecfb040c6a9969cbbfcd8e2bed411f52988,"Gua dulu pernah fans RRQ jaman TUTURU.... setelah itu gua fans ONIC sampai sekarang ......... Tau sendiri kan RRQ skrg cuma bacot sama teori saja yg gede, fakta dan praktek nya nihil alias HAMPA.... 😂😂😂😂😂,  Gini kok di bilang raja dari segala raja ... Hahaha MEMEEEKKKK MEMEEEKKKK",DS2_kyyyy8_all;DS4_kyyyy8_platform,2,DS2_kyyyy8_all:0;DS4_kyyyy8_platform:1,True,False,True,0.0,accepted,ACCEPT_NON_PROMOTION,Long fan commentary on RRQ Tuturu vs ONIC esports. Misannotated as 1 in DS4.,Section 7F (Diskusi esport).
366bd13942fcbdadda04233b5a5c56f059dc081c38377b55b8c818b0903e885e,Bang bikent vibes nya udah beda banget udah ga berapi api kaya dulu 😔,DS2_kyyyy8_all;DS4_kyyyy8_platform,2,DS2_kyyyy8_all:0;DS4_kyyyy8_platform:1,True,False,True,0.0,accepted,ACCEPT_NON_PROMOTION,Comment directed to YouTuber Brandon Kent (Bikent). Misannotated as 1 in DS4.,Section 7F (Komentar streamer).
39fc8cc4625952c7433c8fb6f54d27198124f3ca806b7291f8f8be459c1af03c,Bener² udah gak niat ngonten😂 thumbnailnya udah 2jam blm di ganti² yang match 1🤣,DS2_kyyyy8_all;DS4_kyyyy8_platform,2,DS2_kyyyy8_all:0;DS4_kyyyy8_platform:1,True,False,True,0.0,accepted,ACCEPT_NON_PROMOTION,Comment criticizing channel uploader for slow thumbnail update on match 1. Misannotated as 1 in DS4.,Section 7F (Komentar YouTube).
4151a798cdb176642a09a449b94fd1b68702d1455a5c50055845c099e1e77dd0,"menang di puja""kalah di taik""in.gimna sih.",DS2_kyyyy8_all;DS4_kyyyy8_platform,2,DS2_kyyyy8_all:0;DS4_kyyyy8_platform:1,True,False,True,0.0,accepted,ACCEPT_NON_PROMOTION,General moral sentiment about audience hypocrisy in sports/games. Misannotated as 1 in DS4.,Section 7F (Komentar umum).
4839d51b8e01b39cadb440085ea419bee7606c7c20b83871e098068ce83650b9,Aku pertama depo jp diGaruda-Ho ki😚,DS2_kyyyy8_all;DS4_kyyyy8_platform,38,"DS2_kyyyy8_all:1;DS4_kyyyy8_platform:0,1",True,True,True,1.0,accepted,ACCEPT_PROMOTION,Testimonial and endorsement promoting deposit and winning at Garuda Hoki. Misannotated as 0 in 1 row of DS4.,Section 6D (Testimonial/social proof).
4e6fccd565d350d43b61cf10bc674b19b7c49c11f5280e49e2d1def3a9394e34,"Rrq bukan cari juara, tapi cuma cari cuan",DS2_kyyyy8_all;DS4_kyyyy8_platform,2,DS2_kyyyy8_all:0;DS4_kyyyy8_platform:1,True,False,True,0.0,accepted,ACCEPT_NON_PROMOTION,Criticism of RRQ esports organization commercial focus. Misannotated as 1 in DS4 due to keyword 'cuan'.,Section 7F & Section 8.
50150cfcc4f2639b71b529ea3b7118830a67c2cb5f34c5f5c2df5a390e3e82e1,Keberuntungan saya bener-bener gacir di T O K E 6 9 nggak nyangka!,DS5_ferdiansakti,2,"DS5_ferdiansakti:0,1",False,True,True,1.0,accepted,ACCEPT_PROMOTION,Obfuscated endorsement with spaced characters 'T O K E 6 9' (Toke69) and promotional claim 'gacir'.,Section 6D & 6F.
508766945fb68d23d4268016a18da0904d7d17cbbeb77bb8fe585e654c4691d8,Selalu menghibur ketua naga hitam yang satu ini,DS2_kyyyy8_all;DS4_kyyyy8_platform,2,DS2_kyyyy8_all:0;DS4_kyyyy8_platform:1,True,False,True,0.0,accepted,ACCEPT_NON_PROMOTION,Fan comment appreciating video creator/streamer. Misannotated as 1 in DS4.,Section 7F.
564ed58067bfab7fe5812b2467edf9e09e038177636816ab7d5ad3d7228fa1ae,Seriusan bang ? Gua zonk terus nih main di situs lain 😢😂,DS2_kyyyy8_all;DS4_kyyyy8_platform,2,DS2_kyyyy8_all:0;DS4_kyyyy8_platform:1,True,False,True,,review,SEND_TO_REVIEW,Ambiguous interaction: could be bot baiting for a site link or a genuine user expressing frustration in a spam thread. Sent to review queue.,Section 10 (Uncertain label).
5c4cd69d1ccc749b96cf4bde7c9c49242e36f2bcc0e87f7a80b036f20e7bd93f,"gua jg bingung, gua memang dukung RRQ tapi di Onic ada skylar dan di Evos ada albert vyn😂 jadi harus 3 nih",DS2_kyyyy8_all;DS4_kyyyy8_platform,2,DS2_kyyyy8_all:0;DS4_kyyyy8_platform:1,True,False,True,0.0,accepted,ACCEPT_NON_PROMOTION,"Esports discussion about pro players Skylar, Albert, and Vyn. Misannotated as 1 in DS4.",Section 7F.
684fc940c3f8bee9e5777a0cdbac8ca1746d7df212fe7a276f5d6bc44a79e561,"min, tumben skrng upload video keratua kok gak pake efek editan",DS2_kyyyy8_all;DS4_kyyyy8_platform,2,DS2_kyyyy8_all:0;DS4_kyyyy8_platform:1,True,False,True,0.0,accepted,ACCEPT_NON_PROMOTION,Audience question to YouTube channel admin regarding video editing effects. Misannotated as 1 in DS4.,Section 7F.
68898410fa42ec29b7cd526805d8501a6481e325375b75417c6f4f56123073df,Liat notifnya aj udh ngakak,DS2_kyyyy8_all;DS4_kyyyy8_platform,2,DS2_kyyyy8_all:0;DS4_kyyyy8_platform:1,True,False,True,0.0,accepted,ACCEPT_NON_PROMOTION,Reaction to YouTube video notification. Misannotated as 1 in DS4.,Section 7F.
6aaca6fc4dac4b07aff7ca81a9d263016ef0a28e121b9017bc773ed8025464ad,Niatnya beli lc buat dibully ini malah labi labi yg kena buly🤣,DS2_kyyyy8_all;DS4_kyyyy8_platform,2,DS2_kyyyy8_all:0;DS4_kyyyy8_platform:1,True,False,True,0.0,accepted,ACCEPT_NON_PROMOTION,Gaming stream joke. Misannotated as 1 in DS4.,Section 7F.
7a15fd1a0c7778934ef70fef1af1b51ae242fe1dfde0938d8f183bc1cb184ab4,Hayo mana fans Yamal katanya Yamal daptkan balon dor tapi apa 🤫😁🗿😅,DS2_kyyyy8_all;DS4_kyyyy8_platform,2,DS2_kyyyy8_all:0;DS4_kyyyy8_platform:1,True,False,True,0.0,accepted,ACCEPT_NON_PROMOTION,Football discussion about Lamine Yamal and Ballon d'Or. Misannotated as 1 in DS4.,Section 7F.
7e85f641248e23c542b906754ffcdc84b983786c5a8b5895c0d90be56cbc5e45,Kalau seperti itu pasti ga bakalan kalah dong 🍭𝑺𝑬𝑵𝑫𝑨𝑳4𝑫🍭,DS2_kyyyy8_all;DS4_kyyyy8_platform,2,DS2_kyyyy8_all:1;DS4_kyyyy8_platform:0,True,False,True,1.0,accepted,ACCEPT_PROMOTION,Promotional endorsement for gambling site 'SENDAL4D' using mathematical italic unicode font. Misannotated as 0 in DS4.,Section 6E & 6F.
7e8d6e02c1cbea93ef8942e96d756d0ffa8e7fdedb1d53fb415e5898556d8988,kalau mukbang paling enak sambil buka 𝐓𝐀𝐊𝐉𝐔𝐁𝟒𝐃 sudah pasti di kasih jajan sampai puas!!!,DS2_kyyyy8_all;DS4_kyyyy8_platform,2,DS2_kyyyy8_all:1;DS4_kyyyy8_platform:0,True,False,True,1.0,accepted,ACCEPT_PROMOTION,Promotional CTA for gambling platform 'TAKJUB4D' with promise of bonus ('kasih jajan sampai puas'). Misannotated as 0 in DS4.,Section 6A & 6F.
82310c95d83e747f28fee7892b9a0f51193f26a6b20ea574e589e7c3a8aedda1,"Memang palua ⚡  Vyn Uciha gak mainin rendy aneh banget, sibuk doang gonta ganti pemain, pemai",DS2_kyyyy8_all;DS4_kyyyy8_platform,2,DS2_kyyyy8_all:0;DS4_kyyyy8_platform:1,True,False,True,0.0,accepted,ACCEPT_NON_PROMOTION,Esports critique regarding MLBB pro player Vyn. Misannotated as 1 in DS4.,Section 7F.
83dfcf269cf1fc911d53bb28b6092694fe4791077c851dae1ca60355551e8070,Ga Ruda Ho ki-gokil banget pecah terus ga sia sia anjaay🔥,DS2_kyyyy8_all;DS4_kyyyy8_platform,8,"DS2_kyyyy8_all:1;DS4_kyyyy8_platform:0,1",True,True,True,1.0,accepted,ACCEPT_PROMOTION,Obfuscated endorsement for Garuda Hoki with claim of continuous win ('pecah terus'). Misannotated as 0 in 1 row of DS4.,Section 6D & 6F.
8bae5ab533042ec460f874db394cfeb8a0225cb0a892ff97bc63b568764ba770,Jangan di paksa maju di keroyok juga kalah,DS2_kyyyy8_all;DS4_kyyyy8_platform,2,DS2_kyyyy8_all:0;DS4_kyyyy8_platform:1,True,False,True,0.0,accepted,ACCEPT_NON_PROMOTION,Advice on in-game team fight tactical movement. Misannotated as 1 in DS4.,Section 7F.
91dc35c1440271299a9de610d9ce74bd8ce6cd33399281dba3355aaa512b42ce,Tutor Garuda bang 🗿🤌🤌,DS2_kyyyy8_all;DS4_kyyyy8_platform,2,DS2_kyyyy8_all:0;DS4_kyyyy8_platform:1,True,False,True,0.0,accepted,ACCEPT_NON_PROMOTION,Viewer asking for tutorial on game hero/mechanic. Not a gambling promo. Misannotated as 1 in DS4.,Section 7E & 7F.
920d20ec19ea66b695fc823ee93653463887dc9328245113a130b2ad7b6f1a29,Lucu banget 😂😂😂,DS2_kyyyy8_all;DS4_kyyyy8_platform,2,DS2_kyyyy8_all:0;DS4_kyyyy8_platform:1,True,False,True,0.0,accepted,ACCEPT_NON_PROMOTION,Standard humorous reaction to YouTube video. Misannotated as 1 in DS4.,Section 7F.
93c456527202a52c7984e51a1783edcb694295aeb2d30df9f6f53d80f9f91738,Review hero baru yg tolol cuma pascol,DS2_kyyyy8_all;DS4_kyyyy8_platform,2,DS2_kyyyy8_all:0;DS4_kyyyy8_platform:1,True,False,True,0.0,accepted,ACCEPT_NON_PROMOTION,Critique of streamer Pascol reviewing a new ML hero. Misannotated as 1 in DS4.,Section 7F.
9620190186625d3fbc83b4c196dc627f5673f085c68ec72d33ec562325bd9856,wadaw BERKAH99,DS2_kyyyy8_all;DS4_kyyyy8_platform,2,DS2_kyyyy8_all:1;DS4_kyyyy8_platform:0,True,False,True,1.0,accepted,ACCEPT_PROMOTION,Brand mention/shoutout for gambling site 'BERKAH99'. Misannotated as 0 in DS4.,Section 6E.
a3c25df2d8066d4a731809193271544e50e1dcd4420340220f54e5fb4653d691,Sejak lu sukses besar gak ada lagi kuliat kau ngajak kak Luan Mabar ya col,DS2_kyyyy8_all;DS4_kyyyy8_platform,2,DS2_kyyyy8_all:0;DS4_kyyyy8_platform:1,True,False,True,0.0,accepted,ACCEPT_NON_PROMOTION,Personal remark to streamer Pascol about playing games with LuanLuan. Misannotated as 1 in DS4.,Section 7F.
a61014e0fea5e7404105e3db0573f1733b959df6f5dcf84ce9ca989ec6bdeccb,Luan2 apa kabar ketua,DS2_kyyyy8_all;DS4_kyyyy8_platform,2,DS2_kyyyy8_all:0;DS4_kyyyy8_platform:1,True,False,True,0.0,accepted,ACCEPT_NON_PROMOTION,Asking about streamer LuanLuan. Misannotated as 1 in DS4.,Section 7F.
b140e38110013eccbe03ec49e44153de079a4ae6a2b0b5f4221c0b16652b8e68,Padahal udah pada tau kunci onic itu di duo mid sama roam dan kebiasaan rrq gonta ganti pemain di mpl 😅 kocak banget gimana mau kemestri,DS2_kyyyy8_all;DS4_kyyyy8_platform,2,DS2_kyyyy8_all:0;DS4_kyyyy8_platform:1,True,False,True,0.0,accepted,ACCEPT_NON_PROMOTION,Esports tactical analysis of ONIC vs RRQ in MPL. Misannotated as 1 in DS4.,Section 7F.
b639cb19f24baf150fc9d77381a76e018494cccf9f5e002892f998342f8e9c32,Max win apa maxim,DS2_kyyyy8_all;DS4_kyyyy8_platform,2,DS2_kyyyy8_all:0;DS4_kyyyy8_platform:1,True,False,True,0.0,accepted,ACCEPT_NON_PROMOTION,Wordplay pun between gambling term 'maxwin' and ride-hailing app 'Maxim'. Not promoting gambling. Misannotated as 1 in DS4.,Section 7D & 7F.
b6f055a2a44dda144a7350d0f2a48a75ad460954010d81f34f03fb4e1cc7f636,apalagi ini 07:01 Ｐ ＵＬ Ａ Ｕ W I N ⚡️,DS2_kyyyy8_all,6,"DS2_kyyyy8_all:0,1",False,True,True,1.0,accepted,ACCEPT_PROMOTION,Obfuscated brand endorsement for 'PULAUWIN' using full-width characters and timestamp. Internal duplicate conflict in DS2 resolved to 1.,Section 6E & 6F.
b7010855c77b5cb9ce7724c1c34909257a219f7d1032fe113a4d63a16d920292,Sangat keren! Meraih kemenangan besar di ambil4d langsung berlibur ke luar negeri!,DS5_ferdiansakti,10,"DS5_ferdiansakti:0,1",False,True,True,1.0,accepted,ACCEPT_PROMOTION,Fabricated bot testimonial promoting site 'ambil4d'. Internal duplicate conflict in DS5 resolved to 1.,Section 6D.
b789024a4d2e0d570ae468c4f6f40cf2ed6abad3a4f1dbd2ef139fdd7b4f2576,"Apalah marah mulu, udah gitu nafsu",DS2_kyyyy8_all;DS4_kyyyy8_platform,2,DS2_kyyyy8_all:0;DS4_kyyyy8_platform:1,True,False,True,0.0,accepted,ACCEPT_NON_PROMOTION,Reaction to streamer gaming rage behavior. Misannotated as 1 in DS4.,Section 7F.
b8d196bd70aa875691bfc67127c3f03b54b860e789518c49ff1fb678905d7185,RRQ sudah menjadi bisnis seperti Evos jaman dulu,DS2_kyyyy8_all;DS4_kyyyy8_platform,2,DS2_kyyyy8_all:0;DS4_kyyyy8_platform:1,True,False,True,0.0,accepted,ACCEPT_NON_PROMOTION,Commentary on commercialization of esports organizations. Misannotated as 1 in DS4.,Section 7F.
c56bf29cc4a1aef9da527c1639033e0b507a46f15a008f8b58739fcc2e04d8ca,Bonus ketua,DS2_kyyyy8_all;DS4_kyyyy8_platform,2,DS2_kyyyy8_all:0;DS4_kyyyy8_platform:1,True,False,True,0.0,accepted,ACCEPT_NON_PROMOTION,Streamer gaming community inside joke. Misannotated as 1 in DS4 due to keyword 'bonus'.,Section 7E & Section 8.
d32c999063c867fd34869f7db0216834ca6ee4a767711b4463df2e84694eba50,"Ajak family lu aja main,kali aja JP 😂",DS2_kyyyy8_all;DS4_kyyyy8_platform,2,DS2_kyyyy8_all:0;DS4_kyyyy8_platform:1,True,False,True,,review,SEND_TO_REVIEW,Ambiguous teasing comment mentioning 'JP'. Could be sarcasm between gaming friends or gambling banter. Sent to review queue.,Section 10.
dcd72e982565da4c09242bc9df3cf9f6040d5bd445f4503523c1638b5a5884e4,Pake server Kamboja ketua biar menang terus,DS2_kyyyy8_all;DS4_kyyyy8_platform,2,DS2_kyyyy8_all:0;DS4_kyyyy8_platform:1,True,False,True,,review,SEND_TO_REVIEW,Ambiguous advice referencing 'server Kamboja'. Could be streaming joke teasing or actual gambling tip. Sent to review queue.,Section 10.
de128e0f2e6f6facb211bafd4eb93d451b3f85483df0b67db1e98e994bc4b38b,Terpercaya dan proses paling cepat memang di ourastoree,DS2_kyyyy8_all;DS4_kyyyy8_platform,2,DS2_kyyyy8_all:0;DS4_kyyyy8_platform:1,True,False,True,0.0,accepted,ACCEPT_NON_PROMOTION,"Endorsement for authorized Mobile Legends game top-up diamond store ('ourastoree' owned by streamer Oura Eko), not online gambling. Misannotated as 1 in DS4.",Section 7E (Konteks non-judi).
dfe98bb0957da202e7d50dcc0b4dbf6bcd091c024d886f4c3989453bf1ee51ac,Jadi apa masalahnya setiap orang ada urusan masing-masing,DS2_kyyyy8_all;DS4_kyyyy8_platform,2,DS2_kyyyy8_all:0;DS4_kyyyy8_platform:1,True,False,True,0.0,accepted,ACCEPT_NON_PROMOTION,General audience comment about personal boundaries. Misannotated as 1 in DS4.,Section 7F.
e257c34ce86b30695785972364eaf76f5d4810385da7e2797596a40a56df9137,Wkwk awal season udah push aj lu col,DS2_kyyyy8_all;DS4_kyyyy8_platform,2,DS2_kyyyy8_all:0;DS4_kyyyy8_platform:1,True,False,True,0.0,accepted,ACCEPT_NON_PROMOTION,Chat remark to streamer Pascol about early season rank pushing in Mobile Legends. Misannotated as 1 in DS4.,Section 7F.
f3dfc7a02d39d880ec0d166c1323a90863a98894acc296dba2ea4b8505a6944a,Evos bak to kandang kucing,DS2_kyyyy8_all;DS4_kyyyy8_platform,2,DS2_kyyyy8_all:0;DS4_kyyyy8_platform:1,True,False,True,0.0,accepted,ACCEPT_NON_PROMOTION,Esports banter mocking team EVOS. Misannotated as 1 in DS4.,Section 7F.
f501add0f96e56faa4cfa568546326602caf68791359ec9f1e21921f1fed98da,Ketua aku bangun tidur dituduh selingkuh tanpa ada leher😂😂😂,DS2_kyyyy8_all;DS4_kyyyy8_platform,2,DS2_kyyyy8_all:0;DS4_kyyyy8_platform:1,True,False,True,0.0,accepted,ACCEPT_NON_PROMOTION,Humorous viewer comment in livestream. Misannotated as 1 in DS4.,Section 7F.
