record_id,text_raw,exclusion_stage,matched_group
DS3_001676,mantap,exact_overlap,EDG_03c5b5bdae5b
DS3_003170,wkwk,exact_overlap,EDG_4499c41eec36
DS3_000225,kiw,exact_overlap,EDG_485f5605b064
DS3_003300,asu,exact_overlap,EDG_64d362d2e483
DS3_004792,Hadir,exact_overlap,EDG_65d277fa7b5d
DS3_001658,botak,exact_overlap,EDG_73a88ca8507a
DS3_000087,halo,exact_overlap,EDG_a4e63bcacf6c
DS3_000783,hadir,exact_overlap,EDG_d76d3ef65164
DS3_000746,Gas,exact_overlap,EDG_e23a445d0fa7
DS3_001642,:face-blue-smiling:,exact_overlap,EDG_f78829f9acea
DS3_003643,keren,normalized_variant_overlap,NVG_07473a4253fa
DS3_000053,waalaikumsalam,normalized_variant_overlap,NVG_1539fa65ddd4
DS3_001358,KIW,normalized_variant_overlap,NVG_485f5605b064
DS3_004968,waw,normalized_variant_overlap,NVG_23384e6ae856
DS3_001167,keren bang,normalized_variant_overlap,NVG_370d3e644cc4
DS3_004861,luar biasa,normalized_variant_overlap,NVG_3c675ddc58af
DS3_000143,Wow,normalized_variant_overlap,NVG_b6dc933311bc
DS3_003428,bagus,normalized_variant_overlap,NVG_3ee0f784e9c9
DS3_000318,sama,normalized_variant_overlap,NVG_4ae0b8d730c6
DS3_000052,assalamualaikum,normalized_variant_overlap,NVG_4b56a12b67e2
DS3_000540,keren banget,normalized_variant_overlap,NVG_516277b92797
DS3_000008,assalamu'alaikum,normalized_variant_overlap,NVG_566bdccfce4d
DS3_005228,hai,normalized_variant_overlap,NVG_739b9d664d77
DS3_000681,iya,normalized_variant_overlap,NVG_767ec45d30a1
DS3_005050,good,normalized_variant_overlap,NVG_770e607624d6
DS3_000002,wa'alaikumussalam,normalized_variant_overlap,NVG_7bd618646afe
DS3_002328,yey,normalized_variant_overlap,NVG_852b16ff1bb7
DS3_000172,aku,normalized_variant_overlap,NVG_aea0534e7b50
DS3_000182,oke,normalized_variant_overlap,NVG_b13c0ea15587
DS3_000203,wkwkwkkwk,normalized_variant_overlap,NVG_b67df7aa1872
DS3_000641,wow,normalized_variant_overlap,NVG_b6dc933311bc
DS3_003151,banget,normalized_variant_overlap,NVG_bb5980edd5b2
DS3_003065,SAMPAH,normalized_variant_overlap,NVG_e1823cffbd84
DS3_002374,betul,normalized_variant_overlap,NVG_c2e2de137179
DS3_003347,omaga,normalized_variant_overlap,NVG_cc0250262f13
DS3_000090,udah,normalized_variant_overlap,NVG_d44176d462df
DS3_003326,kerennn,normalized_variant_overlap,NVG_e5a35b342b12
DS3_000102,mahal bet,normalized_variant_overlap,NVG_f163a2f78731
DS3_002225,aminn,normalized_variant_overlap,NVG_fbc5bf4f786d
